id,group,name,weight,kcal,kcalPerG,carbohydrate,protein,fat,sugar,natrium,cholesterol,fattyAcid,transFattyAcid
1,밥류,감자 주먹 밥,215,239.38,1.11,41.9,8.97,5.61,0,66.99,0,0,0
2,밥류,고추장불고기 삼각김밥,100,165.29,1.65,34.11,3.66,1.58,0.2,342.92,3.51,0.45,0.01
3,밥류,곤드레나물밥(정선),350,521.83,1.49,98.86,10.28,9.48,0,90.61,0,0.87,0.02
4,밥류,국밥(안성),800,418.34,0.52,58.58,27.55,8.2,0.44,2301.55,47.81,2.66,0.18
5,밥류,"국밥, 굴",100,105.13,1.05,13.6,6.53,2.73,0.05,251.6,79.75,0.61,0.02
6,밥류,김밥,200,317.68,1.59,57.57,7.26,6.48,0.5,833.29,40.49,2.75,0.06
7,밥류,김치 고구마 밥,206,247.84,1.2,54.01,3.79,2.51,0,233.03,0,0,0
8,밥류,김치김밥,250,344.97,1.38,60.67,10.93,6.51,1.86,1145.54,74.18,1.58,0.05
9,밥류,김치볶음밥,500,754.73,1.51,120,23.07,20.27,4.28,1791.99,152.55,7.1,0.17
10,밥류,김치쌈밥,169,205.15,1.21,39.48,7.55,4.11,0,553.19,0,0,0
11,밥류,농어초밥,250,396.74,1.59,78.75,17.43,1.34,13.01,1035.04,26.5,0.65,0.02
12,밥류,돼지국밥(밀양),1200,911.4,0.76,74.66,66.36,38.59,0,1096.58,142.55,8.44,0.2
13,밥류,두부 채소 볶음밥,281,321.41,1.14,60.3,13.63,6.58,0,212.77,0,0,0
14,밥류,레몬이 들어간 새우 케밥,200,215.4,1.08,35.02,15.16,2.86,0,167.56,0,0,0
15,밥류,류산슬덮밥,550,574.99,1.05,73.95,26.96,19.04,0.42,1579.35,120.87,3.39,0.12
16,밥류,멍게비빔밥(거제),400,547.21,1.37,90.67,16.57,13.14,16.69,1144.8,21.9,2.42,0.08
17,밥류,멸치주먹밥,150,312.43,2.08,54.33,9.04,6.55,0.9,496.21,42.45,1.05,0.03
18,밥류,묵밥(영주),950,642.16,0.68,128.55,14.76,7.66,15.08,2075.5,42.65,1.5,0
19,밥류,문어초밥,250,392.23,1.57,81.78,14.61,0.74,13.38,1200.86,70.08,0.35,0
20,밥류,볶음밥,400,773.3,1.93,112.68,18.79,27.5,0.86,1203.19,161.18,12.79,0.29
21,밥류,불고기덮밥,500,669.3,1.34,102.35,28.62,16.16,4.39,1499.14,66.5,4.57,0.45
22,밥류,비빔밥,500,706.62,1.41,114.83,19.92,18.62,25.66,1337.1,111.13,3.85,0.12
23,밥류,비빔밥(전주),450,691.62,1.54,98.73,24.6,22.03,18.29,1119.65,95.42,3.9,0.12
24,밥류,삼선볶음밥,400,686.11,1.72,85.75,26.24,26.46,1.58,1213.56,326.52,6.33,0.15
25,밥류,새싹 비빔밥,251,264.53,1.05,50.53,8.73,5.35,0,317.62,0,0,0
26,밥류,새우볶음밥,400,700.02,1.75,112.86,17.92,19.66,1.2,1395.06,149.36,3.96,0.07
27,밥류,새우초밥,250,387.67,1.55,78.42,16.81,0.75,11.65,1110.29,72.64,0.55,0.01
28,밥류,새우튀김롤,300,606.5,2.02,96.28,14.47,18.17,11.15,1391.43,55.88,3.41,0.11
29,밥류,샐러드김밥,250,405.95,1.62,61.45,9.61,13.52,3.42,911.18,84.58,2.79,0.06
30,밥류,생선초밥(광어),300,453.78,1.51,77.55,27.07,3.92,7.7,808.75,46.74,1.06,0.02
31,밥류,생선초밥(모듬),300,461.97,1.54,76.43,25.42,6.06,8.65,968.94,70.88,1.51,0.04
32,밥류,소고기국밥(밥포함),700,330.53,0.47,42.62,21.82,8.09,2.76,1786.3,41.85,2.27,0.15
33,밥류,소고기김밥,250,400.61,1.6,62.52,15.98,9.62,0.84,1061.19,93.08,2.53,0.11
34,밥류,소머리국밥,800,631.99,0.79,17.53,75.98,28.66,0,823.26,241.92,9.67,0.6
35,밥류,소머리국밥(경기광주),1100,903.95,0.82,74.87,83.19,30.18,0,675.36,297.42,9.44,0.74
36,밥류,송이덮밥,600,581.81,0.97,95.6,18.22,14.06,2.27,1678.01,48.2,2.79,0.1
37,밥류,쇠고기 말이 쌈밥,150,203.71,1.36,27.5,11.23,6.09,0,353.57,0,0,0
38,밥류,숯불갈비 삼각김밥,100,172.4,1.72,31.95,3.94,3.2,0.02,282.1,4.41,0.6,0.01
39,밥류,쌀밥,200,272,1.36,66.4,6,0.2,0,6,0,0,0
40,밥류,쌈밥,316,314.55,1,57.51,13.21,3.63,0,556.92,0,0,0
41,밥류,알밥,400,618.5,1.55,116.78,14.59,10.34,0.92,1339.31,84.39,2.49,0.1
42,밥류,약초비빔밥(산청),400,511.8,1.28,80.16,11.9,15.95,2.89,971.61,0,2.35,0.08
43,밥류,연어롤,300,510.19,1.7,74.32,18.57,15.41,8.47,1211.9,61.97,2.83,0.1
44,밥류,연어초밥,250,447.32,1.79,71.04,18.88,9.74,12.88,1064.39,32.05,1.84,0.06
45,밥류,영양밥,174,321.41,1.85,63.61,6.3,5.06,0,101.7,0,0,0
46,밥류,오곡밥,250,390,1.56,82.25,12,1.25,0.25,113.9,0,0.5,0
47,밥류,오므라이스,450,729.97,1.62,112.45,21.52,21.56,10.35,1483.37,206.32,5.8,0.08
48,밥류,오징어 덮밥,500,679.9,1.36,107.31,31.5,13.85,5.71,1622.91,280.59,2.31,0.09
49,밥류,유부초밥,250,446.33,1.79,82.31,12.45,7.47,10.67,1046.17,2.47,1.53,0.04
50,밥류,육회비빔밥,450,679.7,1.51,96.18,29.18,19.8,12.03,935.91,115.98,4.2,0.19
51,밥류,자장밥,500,741.66,1.48,120.06,15.23,22.27,5.37,1560.38,26.43,8.56,0.17
52,밥류,잡채밥,650,884.66,1.36,159.47,19.49,18.76,2.76,1908.24,22.21,9.67,0.29
53,밥류,잡탕밥,750,777.44,1.04,104.94,44.12,20.14,0.48,2109.52,329.86,4.07,0.12
54,밥류,장어덮밥,400,716.54,1.79,97.35,30.09,22.98,5.59,920.76,234.56,5.18,0.23
55,밥류,장어초밥,250,486.26,1.95,80.68,16.52,10.83,13.68,1270.91,102.77,2.91,0.1
56,밥류,제육덮밥,500,782.38,1.56,115.49,30.08,22.24,7.28,1538.06,83.76,5.68,0.16
57,밥류,짬뽕밥,900,661.76,0.74,110.85,29.05,11.35,2.47,2813.26,251.3,2.42,0.05
58,밥류,참치김밥,250,424.07,1.7,64.76,12.73,12.68,0.6,1108.41,97.82,3.91,0.19
59,밥류,참치덮밥,500,679.1,1.36,102.93,29.2,16.73,2.98,1618.74,115.79,3.4,0.09
60,밥류,참치마요네즈 삼각김밥,100,161.24,1.61,32.55,4,1.67,0.17,358.36,4.04,0.53,0.02
61,밥류,충무김밥,400,583.93,1.46,109.16,23.42,5.96,17.19,1294.27,156.85,1.1,0.02
62,밥류,치즈김밥,300,510,1.7,77.7,15.3,15.3,0.6,1330.08,117.39,4.8,0.3
63,밥류,치즈김밥,300,1395,4.65,234.9,52.2,27,0,2649,151.2,12.6,0
64,밥류,카레라이스,500,672.01,1.34,126.01,13.49,12.66,4.97,1089.16,6.99,3.68,0.08
65,밥류,캘리포니아롤,300,487.64,1.63,89.23,12.33,9.05,8.9,1295.88,65.96,2.14,0.05
66,밥류,콩나물국밥(전주),900,429.65,0.48,71.08,18.5,7.93,1.71,2253.82,3.55,1.13,0
67,밥류,콩나물해장국,700,223.26,0.32,12.05,24,8.78,0.06,1950.91,125.03,1.48,0.03
68,밥류,한치초밥,250,374.18,1.5,77.92,13.71,0.85,13.13,1199.31,100.06,0.45,0
69,밥류,해물덮밥,700,771.93,1.1,100.45,42.03,22.44,1.2,1802.68,286.24,5.41,0.21
70,밥류,해물볶음밥,400,705.22,1.76,90.46,25.1,27,1.22,1074.35,241.8,5.38,0.15
71,밥류,회덮밥,500,683.02,1.37,103.3,30.21,16.56,10.93,744.27,88.65,2.89,0.12
72,빵 및 과자류,고등어 강정,65,154.59,2.38,10.1,7.66,9.16,0,206.38,0,0,0
73,빵 및 과자류,곰보빵,70,277.34,3.96,42.16,6.31,9.27,11.73,202.25,23.59,4.63,0.21
74,빵 및 과자류,과일파이,100,182.06,1.82,38.71,2.8,2.46,0,28.45,0,0,0
75,빵 및 과자류,과자,30,46.5,1.55,5.7,0.6,2.4,2.25,18,0.36,1.17,0
76,빵 및 과자류,꽃게강정,170,260.51,1.53,22.83,17.66,11.14,0,468.72,0,0,0
77,빵 및 과자류,꽈배기,65,262.38,4.04,30.7,5.13,13.23,7.02,279.94,12.36,4.51,0.12
78,빵 및 과자류,녹차스콘,60,184.59,3.08,31.24,4.39,4.79,0,131.3,0,0,0
79,빵 및 과자류,녹차크레페,120,178.56,1.49,26.76,8,4.19,0,102.5,0,0,0
80,빵 및 과자류,누룽지 과자,122,344.45,2.82,47.96,8.34,14.99,0,62.32,0,0,0
81,빵 및 과자류,다시마칩,40,61.13,1.53,10.22,1.61,2.43,0,139.27,0,0,0
82,빵 및 과자류,단호박 경단,69,162.87,2.36,30.57,3.59,3.33,0,86.97,0,0,0
83,빵 및 과자류,두부샌드위치,195,190.4,0.98,22.25,8.31,9.67,0,7.51,0,0,0
84,빵 및 과자류,라이스페이퍼 새우 롤,105,141.26,1.35,22.91,7.15,2.47,0,86.16,0,0,0
85,빵 및 과자류,롤 피자,163,374.05,2.29,63.8,13.76,5.02,0,524.04,0,0,0
86,빵 및 과자류,마늘빵,70,296.55,4.24,40.22,6.85,12.03,5.21,390.45,8.94,7.71,0.2
87,빵 및 과자류,마늘빵,70,236.83,3.38,30.22,5.72,10.62,7.35,147,0,5.72,0
88,빵 및 과자류,만주,70,222.49,3.18,46.8,5.13,1.64,22.45,118.19,15.67,0.91,0.04
89,빵 및 과자류,머핀,130,560.71,4.31,69.29,7.37,28.23,39.5,407.17,71.21,5.24,0.13
90,빵 및 과자류,멸치누룽지과자,100,191.35,1.91,29.45,11.55,3.96,0,177.2,0,0,0
91,빵 및 과자류,모닝빵,70,231.86,3.31,36.44,6.9,6.5,5.46,276.07,24.05,3.16,0.07
92,빵 및 과자류,모닝빵,70,202.39,2.89,29.83,5.33,6.39,13.48,213.04,5.33,2.13,0
93,빵 및 과자류,미니 버거,79,123.41,1.56,8.29,10.18,5.5,0,225.74,0,0,0
94,빵 및 과자류,미니타르트,94,312.45,3.32,20.61,3.14,23.59,0,26.69,0,0,0
95,빵 및 과자류,바질 고구마 옥수수빵,75,160.75,2.14,23.32,7.85,4.52,0,229.4,0,0,0
96,빵 및 과자류,버터크림빵,70,268.28,3.83,32.36,5.72,12.88,8.39,223.04,20.78,9.84,0.32
97,빵 및 과자류,버터크림빵,70,205.8,2.94,23.52,3.92,10.78,4.41,68.6,7.35,0.25,0
98,빵 및 과자류,베이글,120,335.48,2.8,68.66,12.52,1.2,8.43,556,1.62,0.79,0.04
99,빵 및 과자류,블루베리 치즈무스케익,126,420.61,3.34,40.09,5.53,26.96,0,154.64,0,0,0
100,빵 및 과자류,사과와 양파를 곁들인 돼지등심 요리,138,293.83,2.13,5.95,17.83,21.02,0,35.82,0,0,0
101,빵 및 과자류,사과와 크림치즈를 곁들인 토스트,95,188.25,1.98,31.99,4.77,4.87,0,215.14,0,0,0
102,빵 및 과자류,생크림케이크,100,278.07,2.78,27.59,3.9,16.9,8.36,96.63,66.89,9.36,0.34
103,빵 및 과자류,센베이,30,34.65,1.16,7.88,0.63,0,0.76,17.1,0,0,0
104,빵 및 과자류,수퍼 브리또,145,253.47,1.75,40.6,9.37,6.42,0,110.2,0,0,0
105,빵 및 과자류,식빵,40,113.2,2.83,20.44,3.32,2.08,0,26.4,0,0,0
106,빵 및 과자류,아보카도 달걀 샌드위치,65,152.41,2.34,20.23,5.74,5.06,0,271.69,0,0,0
107,빵 및 과자류,야채빵,70,135.49,1.94,23.64,4.18,2.25,0,131.79,0,0,0
108,빵 및 과자류,야채빵,70,129.5,1.85,24.5,4.2,1.82,2.8,7,7,0.35,0
109,빵 및 과자류,야채칩,100,72.2,0.72,17.76,1.82,0.12,0,17,0,0,0
110,빵 및 과자류,"양송이버섯, 달걀크레페",215,349.1,1.62,48.2,16.77,9.57,0,91.81,0,0,0
111,빵 및 과자류,잡곡강정,45,153.4,3.41,29.12,5.45,2.43,0,9.54,0,0,0
112,빵 및 과자류,잣호두강정,19,93.71,4.93,7.94,2.02,6.8,0,0.81,0,0,0
113,빵 및 과자류,찹쌀도우넛,70,207.05,2.96,39.95,3.53,3.68,12.13,242.99,1.16,1.95,0.04
114,빵 및 과자류,채소 커리를 곁들인 팬케익,313,253.81,0.81,31.64,15.02,7.26,0,261.7,0,0,0
115,빵 및 과자류,채소 팬케익,273,285.83,1.05,38.66,14.06,7.64,0,274.2,0,0,0
116,빵 및 과자류,채소고로케,100,300.65,3.01,31.19,7.12,16.38,3.37,403.33,41.9,3.59,0.15
117,빵 및 과자류,초콜릿케이크,100,420.24,4.2,43.6,5.32,24.95,23.13,170,50.84,14.4,0.38
118,빵 및 과자류,치즈케이크,100,329.14,3.29,28.64,7.22,20.63,15.28,200.67,126.78,10.98,0.61
119,빵 및 과자류,카스텔라,70,235.1,3.36,36.28,5.44,7.58,21.25,73.04,138.29,2.68,0.11
120,빵 및 과자류,카스텔라,70,158.76,2.27,30.87,2.94,2.94,12.74,115.15,45.08,1.47,0
121,빵 및 과자류,커리향이 들어간 치킨 샐러드 샌드위치,72,193.62,2.69,23.32,8.7,7.34,0,77.03,0,0,0
122,빵 및 과자류,크로와상 샌드위치,75,137.62,1.83,13.5,5.11,7.08,0,199.77,0,0,0
123,빵 및 과자류,클럽 샌드위치,110,193.54,1.76,22.78,10.59,6.58,0,164.7,0,0,0
124,빵 및 과자류,티라미수,56,188.52,3.37,10.47,1.78,15.48,0,39.37,0,0,0
125,빵 및 과자류,페이스트리빵,70,319.59,4.57,32.52,5.99,18.4,5.75,295.79,16.95,12.07,0.59
126,빵 및 과자류,피스타치오 생크림과 산딸기 컵케이크,81,253.64,3.13,21.47,3.38,17.29,0,66.32,0,0,0
127,빵 및 과자류,"한과, 매작과 ",30,123.9,4.13,19.83,2.25,3.96,4.92,29.83,10.03,0.69,0.03
128,빵 및 과자류,"한과, 산자",30,109.8,3.66,24.66,0.69,0.93,9.39,6.86,0,0.03,0
129,빵 및 과자류,"한과, 송화다식",30,110.7,3.69,22.2,2.49,1.35,8.01,4.04,0,0.27,0
130,빵 및 과자류,"한과, 약과",30,119.7,3.99,25.47,1.26,1.44,5.07,17.19,0,0.36,0
131,빵 및 과자류,"한과, 유과   ",30,127.2,4.24,22.26,0.84,3.84,7.23,6.84,0,0.42,0
132,빵 및 과자류,한국식 오코노미야끼,130,263.87,2.03,39.53,15.44,3.18,0,115.15,0,0,0
133,빵 및 과자류,햄치즈샌드위치,200,436.52,2.18,49.65,14.83,19.84,6.13,901.08,52.52,6.79,0.21
134,빵 및 과자류,현미크레이프,120,259.06,2.16,56.2,7.02,0.7,0,41.56,0,0,0
135,빵 및 과자류,호두과자,30,30.34,1.01,4.57,0.63,1.06,2.1,10.9,0,0.16,0
136,면 및 만두류,간자장,650,824.54,1.27,134.23,22.33,22.03,12.16,2716.2,28.72,9.71,0.24
137,면 및 만두류,고기만두,250,452.01,1.81,48.63,16.3,21.36,2.91,849.33,16.01,6.08,0.1
138,면 및 만두류,고기완자를 곁들인 스웨덴식 국수,120,148.24,1.24,13.82,9.07,5.88,0,69.53,0,0,0
139,면 및 만두류,구슬 파스타,120,299.86,2.5,48.91,10.61,5.77,0,120.14,0,0,0
140,면 및 만두류,군만두,250,685.24,2.74,88.06,17.53,29.21,4.18,952.22,17.02,12.4,0.25
141,면 및 만두류,굴짬뽕,900,680.67,0.76,115.69,32.87,9.6,1.7,2662.34,163.3,1.41,0.04
142,면 및 만두류,기스면,1000,606.93,0.61,89.79,37.82,10.72,0.5,2764.59,416.54,2.12,0
143,면 및 만두류,김치라면,650,552.32,0.85,86.22,13.77,16.93,1.22,2531.6,45.66,6.79,0.07
144,면 및 만두류,김치만두,250,420.53,1.68,57.57,15.58,14.22,3.02,941.25,12.69,4.84,0.08
145,면 및 만두류,김치우동,800,500.18,0.63,99.14,15.55,4.6,2.13,2874.6,14.13,0.83,0
146,면 및 만두류,낙지볶음면,223,154.36,0.69,27.56,9.63,1.03,0,270.05,0,0,0
147,면 및 만두류,냉 쌀국수,250,246.45,0.99,36.42,16.45,3.75,0,304.9,0,0,0
148,면 및 만두류,냉김치말이국수,600,302.53,0.5,52.03,12.92,4.75,8.27,2121.62,88.95,1.06,0.01
149,면 및 만두류,니고랭,135,228.89,1.7,35.91,11.35,3.81,0,309.97,0,0,0
150,면 및 만두류,닭고기가 들어간 땅콩소스 스파게티,90,207.69,2.31,34.11,10.63,2.82,0,132.47,0,0,0
151,면 및 만두류,들깨칼국수,600,457.88,0.76,59.8,17.59,16.48,1.43,1192.57,3.37,1.46,0.02
152,면 및 만두류,떡국,800,711.3,0.89,147.18,20.63,4.46,0.48,1928.42,136.34,2.18,0.02
153,면 및 만두류,떡라면,700,743.16,1.06,118.57,19.3,21.3,0.26,2313.44,160.08,9.39,0.1
154,면 및 만두류,떡만둣국,700,624.92,0.89,110.71,20.06,11.32,0.16,1980.19,122.42,3.44,0.08
155,면 및 만두류,라면,100,95.67,0.96,14.11,2.55,3.23,0.11,341.64,21.34,1.3,0.01
156,면 및 만두류,"라면, 짬뽕라면",100,91.93,0.92,12.26,2.83,3.51,0.21,332.51,14.23,1.14,0.01
157,면 및 만두류,라비올리 크림소스,356,768.64,2.16,101.99,39.37,19.47,0,273.09,0,0,0
158,면 및 만두류,라비올리 토마토소스,392,338.57,0.86,55.86,14.46,6.43,0,116.46,0,0,0
159,면 및 만두류,막국수,550,599.91,1.09,114.86,20.99,6.28,23.35,1503.04,64.43,1.56,0.03
160,면 및 만두류,막국수(평창),1000,571.59,0.57,109.77,19.99,5.84,9.43,3260.05,43.17,0.96,0
161,면 및 만두류,만둣국,700,434.05,0.62,47.83,21.43,17.44,3.05,2368,94.52,4.24,0.05
162,면 및 만두류,메밀국수,600,611.72,1.02,117.8,19.64,6.88,11.37,1753.84,3.45,0.54,0
163,면 및 만두류,물냉면,800,551.62,0.69,112.9,15.82,4.08,23.18,2618.21,41.78,1.18,0
164,면 및 만두류,물만두,120,156.67,1.31,18.69,6.76,6.1,0.66,287.02,10.7,3.99,0.07
165,면 및 만두류,미니그라탕,185,236.02,1.28,44.49,6.23,5.62,0,58.35,0,0,0
166,면 및 만두류,바지락 볶음 면,225,234.49,1.04,36.34,12.56,3.98,0,447.41,0,0,0
167,면 및 만두류,버섯 리조또,999,619.28,0.62,87.11,14.19,23.08,0,150.95,0,0,0
168,면 및 만두류,버섯을 넣은 가지 라자냐,132,135.52,1.03,14.78,8.08,5.23,0,242.39,0,0,0
169,면 및 만두류,비빔국수,550,617.94,1.12,109.85,18.75,11.5,23.61,1854.91,26.09,1.97,0.09
170,면 및 만두류,비빔냉면,550,622.74,1.13,122.4,19.54,6.11,27.03,1663.87,75.15,1.9,0.05
171,면 및 만두류,삼선우동,1000,691.66,0.69,105.9,47.94,8.48,0.8,2722.32,620.9,2.02,0
172,면 및 만두류,삼선자장면,700,803.9,1.15,126.53,33.63,18.14,10.15,2628.24,166.57,4.06,0.09
173,면 및 만두류,삼선짬뽕,900,662.36,0.74,101.74,39.63,10.77,1.09,2689.13,312.48,1.92,0.03
174,면 및 만두류,서리태 잣국수,430,477.95,1.11,60.89,18.1,18.27,0,82.99,0,0,0
175,면 및 만두류,수제비,800,646.84,0.81,128.38,20.84,5.55,4.32,2030.3,82.66,1.43,0.01
176,면 및 만두류,스파게티,100,354.62,3.55,77.06,11.2,0.18,2.96,0,0,0.03,0
177,면 및 만두류,시저 샐러드,149,213.07,1.43,24.63,14.33,6.54,0,219.77,0,0,0
178,면 및 만두류,쌀국수,200,80.7,0.4,11.06,7.98,0.28,0,68.48,0,0,0
179,면 및 만두류,쌀국수,600,320.32,0.53,55.07,15.6,4.18,4.27,1651.58,33.6,1.4,0.08
180,면 및 만두류,알록달록 시금치 당근 수제비,320,235.74,0.74,42.18,9.63,2.05,0,484,0,0,0
181,면 및 만두류,열무냉면,800,525.49,0.66,97.52,20.84,5.78,27.14,3152.37,67.78,1.36,0
182,면 및 만두류,오일소스스파게티,400,646.74,1.62,89.42,19.56,23.43,1.41,1124.33,31.62,3.89,0.05
183,면 및 만두류,올챙이국수(정선),1500,565.79,0.38,111.61,11.23,8.27,18.6,3862.83,0,1.54,0
184,면 및 만두류,우동(일식),700,421.51,0.6,74.2,13.39,7.9,2.48,2390.32,25.98,1.49,0.01
185,면 및 만두류,우동(중식),1000,648.47,0.65,85.37,29.45,21.02,1.1,3395.86,208.42,3.35,0.03
186,면 및 만두류,울면,1000,728.86,0.73,128.18,37.46,7.37,0.5,2799.92,445.79,1.85,0.01
187,면 및 만두류,인도식 만두구이(사모사),80,155.96,1.95,20.03,7.83,4.96,0,212.46,0,0,0
188,면 및 만두류,자장면,650,796.5,1.23,133.63,19.77,20.32,7.79,2391.58,10.76,8.51,0.18
189,면 및 만두류,잔치국수,700,599.16,0.86,118.53,21.13,4.51,0.71,1683.17,60.46,1,0
190,면 및 만두류,짬뽕,1000,687.62,0.69,100.59,28.17,19.18,3.38,4000.09,109.43,12.98,0.24
191,면 및 만두류,쫄면,450,601.78,1.34,109.57,18.4,9.99,24.17,1346.42,55.33,1.9,0.09
192,면 및 만두류,치즈라면,600,594.54,0.99,80,16.81,23.03,0.9,2113.4,103.67,9.39,0.25
193,면 및 만두류,콩국수,800,666.82,0.83,112.02,31.03,10.51,4.69,944.59,31.26,4.3,0
194,면 및 만두류,크림소스스파게티,400,837.57,2.09,73.76,21.79,50.59,9.17,1030.21,126.58,25.66,1
195,면 및 만두류,토마토소스스파게티,500,642.59,1.29,93.21,24.35,19.15,15.6,1508.64,49.17,5.43,0.21
196,면 및 만두류,해물칼국수,900,628.26,0.7,123.9,22.81,4.61,3.81,2355.07,26.7,1.3,0.01
197,면 및 만두류,해물크림소스스파게티,500,917.57,1.84,86.97,30.4,49.79,8.35,1323.69,210.88,24.73,0.94
198,면 및 만두류,해물토마토소스스파게티,500,584.44,1.17,87.25,27.98,13.73,13.48,1533.16,159.63,3.14,0.07
199,면 및 만두류,호박 프리타타,246,302.06,1.23,12.28,25.73,16.73,0,234.88,0,0,0
200,면 및 만두류,호박만두,146,210.15,1.44,34.37,6.1,4.82,0,149.58,0,0,0
201,면 및 만두류,회냉면,550,629.98,1.15,122.01,17.75,7.89,24.35,1517.81,78.63,1.95,0.06
202,죽 및 스프류,감자를 곁들인 야채스튜,165,87.04,0.53,14.77,3.32,2.46,0,30.13,0,0,0
203,죽 및 스프류,검보스프,199,102.45,0.51,4.74,7.1,6.23,0,160.06,0,0,0
204,죽 및 스프류,검은콩 스프,219,228.13,1.04,16.75,15.31,13.12,0,119.27,0,0,0
205,죽 및 스프류,게살죽,800,564.83,0.71,107.34,17.9,7.1,0.17,1453.82,50.16,2.11,0.07
206,죽 및 스프류,고구마 타락죽,332,362.81,1.09,37.32,7.14,21.48,0,160.92,0,0,0
207,죽 및 스프류,깨죽,800,515.34,0.64,79.3,13.66,15.94,3.59,1160.18,0,2.82,0.01
208,죽 및 스프류,단호박 두부 포타주,275,92.46,0.34,11.94,6.52,3.82,0,378.59,0,0,0
209,죽 및 스프류,단호박 스프,200,102.08,0.51,15.98,3.08,3.86,0,45.7,0,0,0
210,죽 및 스프류,닭죽(닭도가니)(성남),1000,1128.22,1.13,98.9,88.05,42.27,5,794.48,344.06,11.83,0.22
211,죽 및 스프류,대구 크림 스튜,125,186.36,1.49,4.44,28.08,5.54,0,405.51,0,0,0
212,죽 및 스프류,대추죽,110,132.25,1.2,29.3,2.95,0.86,0,1.55,0,0,0
213,죽 및 스프류,백합죽(부안),700,455.28,0.65,84.75,16.46,5.61,0,996.79,32.1,1.33,0.01
214,죽 및 스프류,새우살을 채운 두부 스프(미네스트로네),200,117.32,0.59,6.06,13.86,4.66,0,361.36,0,0,0
215,죽 및 스프류,소고기버섯죽,800,578.28,0.72,109.02,18.74,7.46,0.26,1261.8,26.08,2.72,0.14
216,죽 및 스프류,송이 미역죽,150,135.75,0.91,25.6,4.24,2.44,0,309.17,0,0,0
217,죽 및 스프류,쇠고기 스튜,239,99.5,0.42,5.9,11.71,3.39,0,244.83,0,0,0
218,죽 및 스프류,어죽(영동),800,552.06,0.69,100.82,20.38,7.48,9.78,2105.53,35.46,1.66,0
219,죽 및 스프류,완두콩 스프,230,168.71,0.73,20.82,12.42,4.81,0,116.75,0,0,0
220,죽 및 스프류,잣죽,700,874.48,1.25,155.27,19.18,19.63,2.36,878.82,0,1.99,0.24
221,죽 및 스프류,전복죽,800,590.82,0.74,114.31,12.58,9.26,0.22,1309.46,28.47,1.79,0.05
222,죽 및 스프류,차가운 당근스프,200,84.2,0.42,13.24,2.32,3.22,0,56.36,0,0,0
223,죽 및 스프류,참치죽,800,659.6,0.82,104.57,24.19,16.06,1.36,1342.4,39.96,1.82,0.06
224,죽 및 스프류,팥죽,600,498.06,0.83,97.81,18.43,3.68,1.69,1026.43,0,0.49,0.01
225,죽 및 스프류,해산물을 곁들인 매콤한 토마토 스튜,197,122.16,0.62,6.76,16.29,3.49,0,337.99,0,0,0
226,죽 및 스프류,호박죽,600,442.75,0.74,89.39,7.09,6.32,16.7,929.2,1.72,1.06,0.01
227,죽 및 스프류,흑임자 두부 죽,160,164.14,1.03,23.55,7.04,4.77,0,2.14,0,0,0
228,국 및 탕류,갈낙탕(영암),400,261.77,0.65,0.84,35.79,12.8,1.28,847.98,209.08,5.8,0.43
229,국 및 탕류,갈비탕,600,236.75,0.39,7.61,27.38,10.76,0,1717.54,112.25,2.86,0.16
230,국 및 탕류,게국지(태안),1100,415.25,0.38,31.7,44.91,12.09,10.77,4047.26,388.15,1.97,0.15
231,국 및 탕류,고등어찌개,600,601.62,1,25.61,48.9,33.73,7.35,2584.06,156.05,7.06,0.31
232,국 및 탕류,곰치국(삼척),1000,419.29,0.42,23.9,54.31,11.83,2.77,3802.06,476.47,1.36,0.13
233,국 및 탕류,곰탕,700,579.61,0.83,7.35,70.13,29.97,0,822.77,197.94,7.97,0.75
234,국 및 탕류,곰탕(나주),300,183.25,0.61,18.12,19.42,3.67,0.46,716.35,50.41,1.54,0.07
235,국 및 탕류,굴 두부 국,151,49.51,0.33,3.43,4.82,2.85,0,256.68,0,0,0
236,국 및 탕류,김치국,100,19.84,0.2,2.33,1.21,0.63,0.65,364.91,0,0.07,0
237,국 및 탕류,꼬리곰탕,700,765.79,1.09,4.63,102.31,37.56,0,765.74,251.92,9.81,1.04
238,국 및 탕류,꽃게탕,600,238.39,0.4,18.09,28.39,5.83,1.32,2247.58,212.81,0.85,0.03
239,국 및 탕류,낙지탕,600,187.8,0.31,10.38,29.36,3.2,1.94,1704.69,292.42,0.44,0.01
240,국 및 탕류,"냉국, 미역오이냉국",100,17.64,0.18,3.25,0.51,0.29,2.15,320.79,0,0.02,0
241,국 및 탕류,"냉국, 오이냉국",100,18.38,0.18,3.49,0.48,0.28,2.46,288.56,0,0.03,0
242,국 및 탕류,달걀국,100,40.53,0.41,1.31,3.57,2.34,0.03,274.63,93.91,0.75,0.01
243,국 및 탕류,닭곰탕(닭국),100,80.36,0.8,2.79,11.13,2.74,0.06,156.16,47.17,0.69,0.01
244,국 및 탕류,대구지리탕,600,262.02,0.44,9.89,41.61,6.22,1.47,1476.25,283.09,1.1,0.08
245,국 및 탕류,도가니탕,800,573.18,0.72,4.54,100.88,16.83,0,598.16,163.79,4.71,0.44
246,국 및 탕류,도토리묵 콩국,156,61.11,0.39,7.38,3.87,2.2,0,257.01,0,0,0
247,국 및 탕류,도토리묵말이(대전),1300,462.38,0.36,89.69,6.85,8.48,6.34,3206.03,0,1.17,0
248,국 및 탕류,된장국,166,49.38,0.3,3.52,8.3,0.32,0,44.92,0,0,0
249,국 및 탕류,"된장국, 근대",100,22.77,0.23,2.18,1.87,0.73,0.42,328.84,0,0.08,0
250,국 및 탕류,"된장국, 무",100,23.19,0.23,3.26,1.36,0.52,1.3,386.99,0,0.07,0
251,국 및 탕류,"된장국, 시금치",100,30.66,0.31,2.68,2.51,1.1,0.23,344.2,0,0.1,0
252,국 및 탕류,"된장국, 시래기",100,21.99,0.22,2.44,1.49,0.7,0.3,338.59,0,0.07,0
253,국 및 탕류,"된장국, 쑥",100,27.57,0.28,2.69,1.91,1.02,0.29,341.13,0,0.1,0
254,국 및 탕류,"된장국, 아욱",100,23.45,0.23,2.38,2.01,0.65,0.38,325.35,0,0.07,0
255,국 및 탕류,"된장국, 왜된장국, 미소된장국",100,25.61,0.26,1.84,1.88,1.19,0.48,344.69,0,0.14,0
256,국 및 탕류,매생이국(장흥),500,119.25,0.24,13.4,10.02,2.85,0.38,1420.3,6.61,0.57,0.1
257,국 및 탕류,물회(포항),700,529.36,0.76,55.32,34.43,18.93,19.99,2095.91,120.26,2.81,0.13
258,국 및 탕류,미역 조랭이 떡국,455,368.64,0.81,65.97,9.28,11.01,0,774.18,0,0,0
259,국 및 탕류,"미역국, 쇠고기",100,23.17,0.23,1.19,2.78,0.81,0,293.68,6.49,0.31,0.02
260,국 및 탕류,"미역국, 홍합",100,25.75,0.26,1.79,3.03,0.72,0,314.41,8.98,0.13,0
261,국 및 탕류,바지락조개국,550,156.65,0.28,10.11,22.04,3.11,1.31,1596.17,89.36,0.57,0.02
262,국 및 탕류,배추 맑은 국,150,43.1,0.29,3.21,4.98,1.77,0,200.25,0,0,0
263,국 및 탕류,버섯 들깨탕,150,123.74,0.82,17.3,3.83,5.41,0,31.6,0,0,0
264,국 및 탕류,복지리탕,600,232.06,0.39,10.33,41.66,2.68,1.37,1349.98,209.78,0.41,0
265,국 및 탕류,북어국,169,66.99,0.4,2.59,10.12,1.98,0,328.77,0,0,0
266,국 및 탕류,삼계탕,1000,917.61,0.92,40.93,115.29,32.52,0,1310.98,471.7,10.76,0.32
267,국 및 탕류,새우 완자탕,150,86.81,0.58,9.35,10.01,1,0,204.29,0,0,0
268,국 및 탕류,생선물회,800,577.97,0.72,82.49,34.3,12.31,52.04,2779.74,101.88,2.02,0.05
269,국 및 탕류,선짓국,800,337.35,0.42,10.97,51.14,9.88,0.07,2518.98,294.04,2.01,0.1
270,국 및 탕류,설렁탕,600,419.81,0.7,12.56,59.58,14.59,0.25,685.78,145.33,5.72,0.4
271,국 및 탕류,소고기무국,400,122.94,0.31,7.76,14.21,3.96,3.48,1067.02,38.43,1.3,0.08
272,국 및 탕류,소고기육개장,700,339.87,0.49,20.83,21.9,18.77,0.54,2853.09,142.71,7.27,0.76
273,국 및 탕류,소탕        ,150,87,0.58,1.95,7.65,5.4,0,353.6,0,0.6,0
274,국 및 탕류,순대국,800,540.3,0.68,17.26,43.52,33.02,0,1504.04,246,10.98,0.16
275,국 및 탕류,아구탕,600,246.07,0.41,12.76,37.78,4.88,1.84,1863.34,318.93,0.77,0.01
276,국 및 탕류,어묵국,600,250.86,0.42,34.24,18.34,4.51,2.14,2064.71,24.74,1.56,0.02
277,국 및 탕류,어탕        ,150,85.5,0.57,1.8,12.75,3.15,0,485.09,52.56,0.45,0
278,국 및 탕류,연두부 무순 냉국,200,70.52,0.35,6.32,5.92,3.1,0,222.7,0,0,0
279,국 및 탕류,연포탕,1000,541.64,0.54,20.19,94.9,9.03,0.23,2337.46,1057.46,1.75,0.08
280,국 및 탕류,오리탕,600,482.33,0.8,20.98,42.01,25.6,4.6,1842.34,204.68,5.7,0.13
281,국 및 탕류,오징어국,100,33.44,0.33,2.37,4.84,0.51,0.67,311.98,67.84,0.11,0
282,국 및 탕류,오징어물회(동해),700,581.4,0.83,91.19,32.89,9.45,63.89,2715.91,304.76,0.99,0
283,국 및 탕류,올갱이국(괴산),600,144.26,0.24,13.02,13.66,4.17,1.6,2017.16,85.36,0.8,0.04
284,국 및 탕류,우거지국,100,20.24,0.2,2.31,1.48,0.57,0.55,357.15,0,0.07,0
285,국 및 탕류,우거지해장국,600,154.38,0.26,13.46,11.92,5.87,2.53,2049.59,22.37,1.19,0.04
286,국 및 탕류,우렁된장국,500,244.93,0.49,19.22,24.62,7.73,3.56,2134.21,105.38,1.11,0.03
287,국 및 탕류,"육개장, 닭고기",100,43.79,0.44,2.72,4.96,1.45,0.13,270.25,22.08,0.34,0.01
288,국 및 탕류,육탕        ,150,87,0.58,0.3,12.6,3.9,0,356.94,43.78,1.65,0.15
289,국 및 탕류,전복탕,600,196.85,0.33,15.78,26.78,2.95,1.31,1774.4,291.38,0.62,0
290,국 및 탕류,조기매운탕,600,384.38,0.64,17.34,35.1,19.4,4.25,2272.92,274.17,4.78,0.09
291,국 및 탕류,짱뚱어탕(순천),600,188.77,0.31,16.63,11.5,8.47,2.36,2050.9,22.22,0.9,0.02
292,국 및 탕류,추어탕(남원),1000,316.72,0.32,26.83,22.74,13.16,0,2635.78,90.31,1.93,0
293,국 및 탕류,탕국         ,250,92.5,0.37,0.25,13.25,4.25,0,656.75,30.12,1,0
294,국 및 탕류,토란국,250,462.5,1.85,92,8.5,6.75,0,702.5,19.88,0.75,0
295,국 및 탕류,해물탕,600,267.81,0.45,16.59,39.85,4.67,0.81,2046.25,469.49,0.83,0.01
296,국 및 탕류,황태해장국,600,181.7,0.3,5.68,24.5,6.77,1.48,1533.1,150.3,1.1,0.02
297,찌개 및 전골류,감자탕,900,959.54,1.07,26.88,95.93,52.03,0.76,2631.2,453.8,16.48,0.16
298,찌개 및 전골류,광어매운탕,600,419.8,0.7,9.13,58.42,16.62,1.42,1799.02,375.05,3.04,0.08
299,찌개 및 전골류,김치찌개,400,243.03,0.61,11.93,15.07,15,3.02,1962.14,25.18,2.76,0.03
300,찌개 및 전골류,내장탕,700,546.64,0.78,13.59,54.78,30.35,1.18,2336.88,460.59,8.39,0.47
301,찌개 및 전골류,닭볶음탕,300,367.92,1.23,22.63,37.98,13.94,5.75,1023.02,154.84,4.03,0.08
302,찌개 및 전골류,대구매운탕,600,361.75,0.6,16.84,57.36,7.21,1.09,1983.9,516.74,0.97,0.03
303,찌개 및 전골류,동태찌개,800,368.18,0.46,10.44,46.19,15.74,2.61,2575.62,315.41,2.34,0.34
304,찌개 및 전골류,된장찌개,400,144.88,0.36,13.46,11.5,5.01,1.8,2021.01,11.81,0.78,0
305,찌개 및 전골류,두부전골(찌개),500,315.16,0.63,17.09,25.58,16.05,3.45,1650.77,8.85,2.41,0.03
306,찌개 및 전골류,버섯찌개,400,167.56,0.42,15.43,14.7,5.23,4.45,1293.87,16.55,1.27,0.06
307,찌개 및 전골류,부대찌개,600,520.05,0.87,47.35,25.96,25.2,3.87,2664.21,82.64,6.79,0.11
308,찌개 및 전골류,부대찌개(의정부),600,399.5,0.67,39.65,18.4,18.59,6.23,2321.9,52.54,5.38,0.1
309,찌개 및 전골류,소고기샤브샤브,600,263.75,0.44,14.67,29.13,9.84,2.43,1122.4,76.01,3.71,0.28
310,찌개 및 전골류,순두부찌개,400,200.08,0.5,7.62,14.43,12.43,1.32,1350.98,80.94,1.79,0.09
311,찌개 및 전골류,알탕,700,425.56,0.61,11.46,66.68,12.56,0.03,2642.17,1009.53,2.21,0.18
312,찌개 및 전골류,우럭매운탕,600,406.82,0.68,11.24,52.15,17.03,1.08,1773.88,362.77,2.97,0.08
313,찌개 및 전골류,장어탕,250,152.01,0.61,7.37,10.69,8.86,0.56,648.3,89.19,1.68,0.06
314,찌개 및 전골류,장어탕,250,250,1,14.5,22.5,11.25,3.25,2275,50,0.75,0
315,찌개 및 전골류,"전골, 곱창전골",100,88.15,0.88,4.86,6.93,4.55,0.38,296.61,75.53,1.38,0.08
316,찌개 및 전골류,청국장찌개,400,271.57,0.68,10.41,22.4,15.59,1,1794.84,3.83,2.3,0
317,찌개 및 전골류,추어탕,700,341.13,0.49,20.29,24.59,17.96,0,2046.47,106.19,1.55,0.1
318,찌개 및 전골류,콩비지찌개,400,247.61,0.62,17.87,19.37,10.96,1.28,1287.09,24.05,1.96,0.02
319,찌개 및 전골류,해산물 샤브샤브,110,124.44,1.13,5.83,12.15,6.26,0,143.29,0,0,0
320,찜류,금태찜,240,73.8,0.31,7.58,10.92,0.7,0,304.37,0,0,0
321,찜류,단호박 두부찜,57,37.98,0.67,5.29,2.09,1.64,0,220.04,0,0,0
322,찜류,단호박 새우 찜,215,202.4,0.94,38.57,11.07,3.57,0,395,0,0,0
323,찜류,달걀찜,250,200.55,0.8,4.31,17.35,12.65,0.41,835.48,489.36,3.94,0.05
324,찜류,닭갈비,400,595.61,1.49,44.9,45.92,25.81,21.19,1535.83,193.4,6,0.15
325,찜류,닭고기 편육,132,260.33,1.97,8.26,19.3,15.46,0,236.9,0,0,0
326,찜류,대구찜,500,376.42,0.75,24.66,51.69,7.89,5.68,1898.68,263.33,1.13,0.04
327,찜류,대하찜,125,109.3,0.87,2.39,20.41,1.83,0,177.2,0,0,0
328,찜류,도미찜,100,126,1.26,0.5,23,3.5,0,839.96,99.01,0.9,0
329,찜류,동태찜,500,394.33,0.79,25.77,50.94,9.73,5.72,1985.59,284.21,1.56,0.12
330,찜류,돼지고기 수육,300,1205.9,4.02,10.31,67.08,99.6,0.25,416.68,133.91,36.97,0.33
331,찜류,등갈비찜(돼지),450,961.04,2.14,57.4,72.06,49.24,24.13,2395.17,199.57,16.1,0.27
332,찜류,매운갈비찜(대구중구),300,517.44,1.72,23.72,61.31,19.7,10.73,1138.51,163.29,7.98,0.47
333,찜류,문어숙회     ,80,67.2,0.84,0.72,14.88,0.48,0,208.33,140.11,0.16,0
334,찜류,병어찜       ,100,180,1.8,0.2,18.9,11.5,0,650.98,71.92,3.6,0.1
335,찜류,북어찜,100,156.8,1.57,11.99,18.7,3.78,4.25,600.66,102.07,0.6,0.04
336,찜류,붕어찜(경기광주),1100,835.59,0.76,71.64,54.26,36.88,16.18,3952.02,186.23,5.8,0.29
337,찜류,사태떡찜,162,201.74,1.25,26.89,13.66,4.63,0,263.69,0,0,0
338,찜류,생선살 완자 찹쌀 찜,175,212.47,1.21,29.89,20.11,0.7,0,262.69,0,0,0
339,찜류,생선찜 채소말이,160,162.54,1.02,18.78,15.57,3.95,0,345.79,0,0,0
340,찜류,서양식 달걀찜(시금치 퀴시),140,305.61,2.18,49.97,12.33,4.69,0,142.02,0,0,0
341,찜류,소갈비찜,250,494.6,1.98,13.14,49.86,26.96,4.32,753.64,141.48,10.34,1.07
342,찜류,쇠고기 감자찜,191,183.57,0.96,16.37,12.87,7.32,0,200.19,0,0,0
343,찜류,순대 ,300,547.59,1.83,94.88,7.96,9.93,0.91,1315.19,49.22,3.76,0.06
344,찜류,아구찜,400,310.87,0.78,17.47,48.3,5.31,0.69,1406.2,389.13,0.86,0.03
345,찜류,아귀찜(마산),750,492.32,0.66,43.09,65.39,6.49,8.2,3425.72,420.21,1.12,0
346,찜류,안동찜닭(안동),1500,1364.2,0.91,139.51,114.24,38.8,66.81,5462.33,450.42,10.26,0.18
347,찜류,영양 달걀 찜,100,76.01,0.76,7.11,5.66,3,0,86.92,0,0,0
348,찜류,오징어보쌈과 저나트륨 된장소스,85,45.89,0.54,1.82,8.05,0.71,0,190.87,0,0,0
349,찜류,오징어순대(속초),350,466.86,1.33,58.34,45.72,5.62,0.43,1258.72,517.44,1.35,0.01
350,찜류,전어찜,100,278,2.78,0.6,17.3,23,0,447.4,97.88,6.8,0.1
351,찜류,조기찜,100,182,1.82,1.6,20.1,10.6,0,602.03,138.43,2.8,0.1
352,찜류,족발,150,393.77,2.63,5.51,39.04,23.95,0.32,542.57,74.87,6.97,0.1
353,찜류,참꼬막       ,80,90.4,1.13,4.56,12.48,2.48,0,234.16,65.03,0.4,0
354,찜류,한방오리백숙,300,469.53,1.57,3.36,68.79,20.1,0.35,276.43,372.07,6.39,0.14
355,찜류,해물찜,500,400.08,0.8,35.35,42.62,9.8,5.52,2137.21,419.17,1.53,0.04
356,찜류,홍어찜,250,202.67,0.81,1.22,47.12,1.03,1.22,644.96,235.12,0.34,0.01
357,구이류,가자미구이,100,157.17,1.57,1.76,21.6,7.08,0.21,665.59,112.78,1.16,0.06
358,구이류,갈치구이,250,481.32,1.93,0.35,61.99,25.77,0.35,1022.03,198.95,7.35,0.25
359,구이류,고등어구이,250,667.87,2.67,1.86,59.24,47.18,0.35,1227.73,136.31,12.13,0.51
360,구이류,굴비구이,100,192.65,1.93,1.02,23,10.99,0.04,740.11,125.58,2.91,0.08
361,구이류,꽁치 양념구이,189,234.27,1.24,29.22,12.64,7.37,0,169.19,0,0,0
362,구이류,꿩불고기(충주),500,368.8,0.74,39.66,33.51,8.45,16.94,1264.31,106.18,1.88,0.07
363,구이류,닭고기 바비큐,194,183.74,0.95,14.38,13.29,8.81,0,75.33,0,0,0
364,구이류,닭꼬치,70,176.72,2.52,13.35,11.56,8.57,3.15,286.91,31.44,2.32,0.04
365,구이류,도미구이,100,158.96,1.59,0.83,24.45,6.62,0,632.87,84.5,1.52,0.05
366,구이류,돼지갈비구이,350,941.38,2.69,29.07,72.69,59.37,11.37,1341.59,189.03,21.84,0.34
367,구이류,등심 배구이,70,96.35,1.38,3.8,7.91,5.18,0,239,0,0,0
368,구이류,로스트비프,148,219.77,1.48,5.68,14.52,14.16,0,271.85,0,0,0
369,구이류,미니 떡갈비,155,144.93,0.94,13.38,14.77,4.03,0,307.64,0,0,0
370,구이류,밀라노 스타일 포크 커틀렛,89,227.69,2.56,7.47,13.72,15.11,0,97.71,0,0,0
371,구이류,버섯소스를 곁들인 돼지 등심 스테이크,284,387.49,1.36,7.92,20.39,26.27,0,79.63,0,0,0
372,구이류,병어구이,100,195.24,1.95,0.07,21.85,12.3,0,627.17,79.4,3.55,0.08
373,구이류,불고기(광양),150,395.29,2.64,7.81,34.38,25.17,7.93,560.71,68.85,6.56,0.43
374,구이류,"불고기, 오리",100,225.98,2.26,9.57,12.32,15.38,3,342.18,59.28,3.97,0.13
375,구이류,붕장어구이(소금)(고흥),100,296.54,2.97,11.61,26,16.23,0.35,124.75,167.07,3.63,0.22
376,구이류,비프 스트로가노프,145,246.51,1.7,26.58,15.09,7.82,0,268.95,0,0,0
377,구이류,살사를 곁들인 참치 오븐구이,54,96.5,1.79,3.02,10.99,4.25,0,23.87,0,0,0
378,구이류,소곱창구이,150,639.57,4.26,5.46,16.71,61.32,0.22,315.87,166.38,21.67,1.56
379,구이류,소불고기,200,176.71,0.88,18.3,12.75,5.83,3.36,892.09,41.41,1.55,0.16
380,구이류,소양념갈비구이,300,989.15,3.3,26.23,60.06,71.56,13.93,1378.45,186.63,27.18,3.48
381,구이류,양념장어구이,150,433.35,2.89,8.8,30.77,30.56,4.18,704.64,215.24,7.1,0.27
382,구이류,양송이버섯과 포도주스를 가미한 등심구이,232,204.58,0.88,17.14,11.6,10.93,0,165.62,0,0,0
383,구이류,왕갈비(양념)(수원),150,480.81,3.21,13.74,27.07,35.28,6.81,548.76,58.52,13.01,2.16
384,구이류,요거트 파슬리소스를 곁들인 닭고기구이,176,238.97,1.36,8.66,18.22,14.8,0,67.76,0,0,0
385,구이류,임연수구이,100,197.55,1.98,1.41,21.51,11.77,0.01,627.59,85.05,2.43,0.67
386,구이류,"조기구이, 양념, 조기조림",100,128.07,1.28,4.28,13.69,6.28,1.5,590.41,76.06,1.66,0.04
387,구이류,종이에 싸서 구운 도미(파필로테),99,103.29,1.04,2.12,13.59,4.48,0,50.41,0,0,0
388,구이류,중국식 바비큐 폭 립,170,310.67,1.83,13.41,22.85,18,0,352.38,0,0,0
389,구이류,지중해소스를 곁들인 도미스테이크,275,289.68,1.05,7.37,23.02,14.99,0,257.21,0,0,0
390,구이류,짚불구이곰장어(기장),200,326.21,1.63,2.31,42.73,16.23,1.16,826.79,341.83,2.84,0.14
391,구이류,참깨 오렌지 쇠고기,170,182.68,1.07,9.89,21.08,6.32,0,269.13,0,0,0
392,구이류,치킨 버거 스테이크,133,127.97,0.96,9.6,21.27,0.73,0,89.3,0,0,0
393,구이류,카레소스를 얹은 두부 스테이크,256,199.32,0.78,27.88,10.11,7.42,0,480.77,0,0,0
394,구이류,케이준 스타일 닭고기 요리,118,312.42,2.65,5.26,19.92,22.23,0,63.64,0,0,0
395,구이류,해산물 옥수수 오븐구이 프리타타,114,111.71,0.98,8.48,8.93,4.75,0,210.63,0,0,0
396,구이류,햄버그스테이크,200,457.7,2.29,20.76,26.96,29.65,5.33,950.22,70.28,9.41,0.31
397,구이류,황태구이,200,437.57,2.19,26.93,47.83,15.39,14.15,1135.33,211.58,2.4,0.12
398,구이류,훈제오리,250,797.14,3.19,12.08,43.06,64.07,0.27,1220.37,171.01,15.98,0.39
399,전/ 적 및 부침류,가자미전     ,150,231,1.54,6.9,25.8,11.1,0.3,819.36,176.26,2.25,0
400,전/ 적 및 부침류,감자전,100,187.67,1.88,27.62,2.9,7.29,0.35,268.85,1.94,1.09,0.04
401,전/ 적 및 부침류,고추전,150,274.69,1.83,17.01,12.91,17.22,2.17,362.2,78.81,3.52,0.09
402,전/ 적 및 부침류,곶감샐러드,150,223.18,1.49,49.29,2.91,4.35,0,10.22,0,0,0
403,전/ 적 및 부침류,김치전,150,282.27,1.88,34.49,7.1,12.88,1.55,686.94,28.52,2.23,0.08
404,전/ 적 및 부침류,깻잎전,150,361.1,2.41,14.54,17.74,25.78,1.06,480.15,131.8,5.43,0.15
405,전/ 적 및 부침류,낙지꼬지     ,80,75.2,0.94,2.8,13.12,1.28,0,207.06,133.74,0.16,0
406,전/ 적 및 부침류,녹두빈대떡,100,207.94,2.08,20.93,7.95,10.27,0.1,232.05,12.48,2.26,0.06
407,전/ 적 및 부침류,다시마전,80,79.18,0.99,13.16,4.37,1.58,0,310.34,0,0,0
408,전/ 적 및 부침류,단호박전,120,309.89,2.58,45.97,6.59,10.63,0,77.06,0,0,0
409,전/ 적 및 부침류,달걀말이,100,175.57,1.76,2.61,11.98,13.02,0.05,327.21,292.17,3.11,0.07
410,전/ 적 및 부침류,동그랑땡,150,309.2,2.06,12.68,19.62,20,0.98,553.09,103.27,4.66,0.12
411,전/ 적 및 부침류,동태전,150,268.05,1.79,10.54,22.64,15.04,0.22,702.16,178.76,3.16,0.09
412,전/ 적 및 부침류,돼지고기 찹쌀부침,158,342.42,2.17,47.92,13.32,10.02,0,119.76,0,0,0
413,전/ 적 및 부침류,두부 달걀전,130,179.66,1.38,4.51,13.01,12.43,0,164.53,0,0,0
414,전/ 적 및 부침류,두부 해산물 꼬치구이,148,182.16,1.23,2.58,15.6,12.89,0,146.15,0,0,0
415,전/ 적 및 부침류,두부전,150,255,1.7,7.5,20.4,15.9,0,317.16,3.29,1.95,0
416,전/ 적 및 부침류,떡갈비,250,677.36,2.71,29.09,43.94,42.8,8.91,1102.78,108.11,15.25,0.64
417,전/ 적 및 부침류,마 두부 오징어전,139,172.1,1.24,16.65,10.52,8.74,0,158.07,0,0,0
418,전/ 적 및 부침류,미나리전     ,150,226.5,1.51,34.2,5.25,7.65,1.8,248.7,11.88,1.2,0
419,전/ 적 및 부침류,배추전,150,240,1.6,35.55,5.1,8.7,4.95,326.82,7.23,1.35,0.15
420,전/ 적 및 부침류,버섯전,150,240,1.6,16.2,10.5,14.85,2.7,313.76,100.1,2.25,0
421,전/ 적 및 부침류,부추전,150,253.5,1.69,37.35,5.7,9,1.35,249.43,9.27,1.35,0
422,전/ 적 및 부침류,소라산적     ,80,120,1.5,6.48,17.92,2.48,0.88,396.67,100.34,0.4,0
423,전/ 적 및 부침류,쇠고기산적,200,454,2.27,7.4,48.4,25.6,0,1392.84,134.84,7,0.8
424,전/ 적 및 부침류,오징어산적   ,80,101.6,1.27,3.6,17.36,2,0.88,477.1,234.25,0.24,0
425,전/ 적 및 부침류,치킨 쇠고기 땅콩소스 꼬치,85,148.44,1.75,8.28,14.32,6.33,0,536.21,0,0,0
426,전/ 적 및 부침류,케첩완자,100,141.85,1.42,13.7,10.7,4.86,0,155.5,0,0,0
427,전/ 적 및 부침류,파전,150,292.8,1.95,34.81,6.83,14.03,0.79,345.96,46.14,2.26,0.07
428,전/ 적 및 부침류,해물파전,150,276.18,1.84,30.07,11.04,12.42,0.42,366.82,105.86,2.13,0.06
429,전/ 적 및 부침류,햄부침,100,244.44,2.44,11.26,11.33,17.12,1.03,715.66,72.11,4.38,0.11
430,전/ 적 및 부침류,호박전,150,208.5,1.39,16.05,6.45,13.05,2.85,276.96,92.52,2.4,0
431,전/ 적 및 부침류,홍합산적     ,80,156.8,1.96,10.56,17.76,4.8,3.36,719.72,60.71,0.8,0.08
432,전/ 적 및 부침류,화양적,150,272.65,1.82,21.35,13.58,14.77,1.21,797.03,123.25,3.83,0.1
433,볶음류,가지볶음,131,110.79,0.85,19.99,1.7,3.64,0,218.35,0,0,0
434,볶음류,감자볶음,100,116.25,1.16,16.73,2.11,4.55,1.02,423.18,0,0.6,0.02
435,볶음류,건새우볶음,20,65.73,3.29,5.71,4.67,2.69,2.6,196.24,33.45,0.4,0.02
436,볶음류,고추잡채,200,256.77,1.28,26.17,10.99,12.01,2.09,828.55,39.26,2.11,0.08
437,볶음류,궁중 떡볶음,150,202.82,1.35,38.44,6.22,3.36,0,232.37,0,0,0
438,볶음류,김자반,61,45,0.74,10.37,4.77,0.9,0,231.03,0,0,0
439,볶음류,김치볶음,100,97.04,0.97,8.99,3.11,5.41,3.39,849.94,5.63,0.75,0.03
440,볶음류,깻잎볶음,100,103.07,1.03,5.76,3.76,7.22,0.29,521.34,0,0.83,0.04
441,볶음류,꽃게볶음,100,108.73,1.09,10.03,10.36,2.91,0,317.08,0,0,0
442,볶음류,낙지볶음,200,186.83,0.93,21.67,14.89,4.51,7.56,895.12,118.31,0.89,0.04
443,볶음류,닭갈비(춘천),300,558.47,1.86,23.06,45.51,31.58,8.51,1016.94,217.67,11.26,0.25
444,볶음류,돼지갈비 볶음,120,151.15,1.26,6.55,12.04,8.42,0,293.29,0,0,0
445,볶음류,돼지고기볶음,200,350.67,1.75,18.21,22.96,20.67,8.2,1051.76,57.87,5.12,0.15
446,볶음류,"돼지고기볶음, 오징어",100,181.7,1.82,10.24,12.81,9.94,3.82,442.55,92.23,2.62,0.06
447,볶음류,돼지고기토마토두부볶음,150,157.15,1.05,7.93,9.96,9.7,0,293.3,0,0,0
448,볶음류,돼지껍데기볶음,100,234.47,2.34,16.34,17.19,11.15,3.68,519.87,31.83,3.28,0.09
449,볶음류,두부김치,250,288.21,1.15,14.08,19.47,17.11,1.49,989.69,13.92,3.17,0.08
450,볶음류,떡볶이,200,303.53,1.52,60.48,7.61,3.46,6.83,853.08,7.49,0.75,0
451,볶음류,라볶이,30,40.32,1.34,7.41,1.04,0.72,1.04,130.72,3.85,0.3,0
452,볶음류,라볶이,30,37.8,1.26,7.02,0.9,0.72,0.81,46.8,0,0.09,0
453,볶음류,마파두부,200,227.93,1.14,10.73,15.26,13.77,0.29,691.4,24.58,2.77,0.08
454,볶음류,멸치풋고추볶음,20,52.38,2.62,3.41,4.65,2.24,1.43,275.54,36.6,0.39,0.02
455,볶음류,미역줄기볶음,100,66.49,0.66,4.97,1.07,4.7,0.21,1023.06,0,0.64,0.03
456,볶음류,"버섯볶음, 느타리",100,90.69,0.91,7.8,3.4,5.1,1.42,434.25,0,0.62,0.02
457,볶음류,"버섯볶음, 양송이",100,90.98,0.91,7.31,3.02,5.52,0.82,343.45,0,0.95,0.03
458,볶음류,브로콜리쇠고기볶음,130,123.9,0.95,13.87,10.28,4.13,0,299.53,0,0,0
459,볶음류,섭산삼,86,233.03,2.71,36.96,4.68,8.24,0,3.83,0,0,0
460,볶음류,소고기 채소볶음,117,189.93,1.62,4.81,9.56,14.8,0,217.8,0,0,0
461,볶음류,소세지볶음,100,235.69,2.36,15.89,9.38,14.96,4.47,718.03,30.13,4.41,0.08
462,볶음류,순대볶음,100,145.38,1.45,19.18,5.18,5.32,1.35,375.09,35.43,1.27,0.03
463,볶음류,시금치돼지고기볶음,100,104.77,1.05,7.37,9.12,4.55,0,283.9,0,0,0
464,볶음류,쌀국수 볶음면,264,211.89,0.8,7.76,2.61,20.35,0,87.49,0,0,0
465,볶음류,아시아식 채소 두부 볶음,203,275,1.35,20.32,13.5,17.62,0,177.89,0,0,0
466,볶음류,야채볶음,80,90.81,1.14,15.38,2.34,3.16,0,9.93,0,0,0
467,볶음류,야채오믈렛,155,158.15,1.02,26.75,6.76,2.87,0,250.56,0,0,0
468,볶음류,어묵볶음,100,189.07,1.89,28.3,7.53,5.09,6.61,847.36,14.22,0.96,0.03
469,볶음류,오징어볶음,100,120.51,1.21,12.56,10.47,3.15,4.69,480.52,131.74,0.55,0.02
470,볶음류,오징어채볶음,20,55.49,2.77,8.28,3.72,0.83,2.33,232.26,33.22,0.16,0.01
471,볶음류,잔멸치볶음,20,68.41,3.42,5.25,6.2,2.51,2.56,379.29,49.37,0.47,0.02
472,볶음류,잡채,150,204.32,1.36,38.84,2.05,4.53,2.72,658.95,0,0.75,0.04
473,볶음류,조랭이 떡 궁중 떡볶이,185,217.45,1.18,43.31,5.68,2.57,0,343.45,0,0,0
474,볶음류,주꾸미볶음,200,211.41,1.06,22.82,18.33,5.2,5.06,918.86,200.76,0.61,0.02
475,볶음류,칠리새우,93,174.67,1.88,17.18,10.7,6.85,0,158.17,0,0,0
476,볶음류,토마토소스달걀볶음,60,111.22,1.85,10.08,4.39,5.9,0,107.4,0,0,0
477,볶음류,팔보채,300,240.74,0.8,11.28,25.42,10.44,0.09,1129.31,224.96,1.69,0.05
478,볶음류,팽이버섯야채볶음,130,82.58,0.64,10.85,2.55,4.37,0,14.1,0,0,0
479,볶음류,표고버섯볶음,150,141.92,0.95,15.84,4.53,6.72,2.64,574.8,0,0.83,0.03
480,볶음류,해물볶음,400,419.06,1.05,32.24,38.19,15.26,7.42,1755.16,329.59,2.07,0.06
481,볶음류,해산물볶음,117,119.07,1.02,6.31,10.3,6.13,0,292.49,0,0,0
482,볶음류,헝가리안 폭찹,175,294.86,1.68,4.22,18.58,20.93,0,110.51,0,0,0
483,볶음류,화지타,132,196.55,1.49,26.08,8.62,6.48,0,508.99,0,0,0
484,조림류,가자미조림(간장+고춧가루+기타양념),300,297.98,0.99,21.47,37.08,7.09,10.54,1692.82,227.98,1.29,0.08
485,조림류,갈치조림,100,97.04,0.97,5.3,11,3.54,1.92,486.39,43.56,1,0.02
486,조림류,고기완두조림,100,183.01,1.83,18.9,11.37,6.97,0,45.19,0,0,0
487,조림류,고등어조림,100,130.16,1.3,5.04,10.03,7.77,2.02,474.69,30.02,2.01,0.05
488,조림류,곤약 콩조림,69,96.03,1.39,10.65,7.43,3.68,0,209.01,0,0,0
489,조림류,과일 주스 조림,230,174.29,0.76,44.97,1.61,0.62,0,6.6,0,0,0
490,조림류,다시마돼지고기조림,70,115.71,1.65,4.98,8.55,6.86,0,279.57,0,0,0
491,조림류,돼지고기메추리알장조림,50,63.49,1.27,3.37,8.34,1.85,1.27,582.99,47.64,0.44,0
492,조림류,두부 튀김 조림,115,220.56,1.92,14.34,6.96,16.2,0,139.21,0,0,0
493,조림류,두부조림,50,69.25,1.39,2.86,6.15,3.69,0.25,250.01,0,0.63,0.01
494,조림류,땅콩조림,20,81.34,4.07,7.72,3.22,4.17,2.85,150.8,0,0.77,0
495,조림류,부추조갯살 콩비지조림,55,35.67,0.65,5.24,3.29,0.5,0,61.83,0,0,0
496,조림류,북어조림,100,181.86,1.82,17.14,20.83,3.33,8.2,765.95,99.63,0.67,0.05
497,조림류,소고기메추리알장조림,50,60.65,1.21,2.88,8.14,1.84,0.71,602.12,41.52,0.45,0.02
498,조림류,연근조림,30,78.24,2.61,18.06,0.63,0.38,7.08,200.37,0.19,0.07,0
499,조림류,오징어말이 케첩조림,206,152.09,0.74,9.25,19.98,4.33,0,189.68,0,0,0
500,조림류,우엉조림,30,69.75,2.33,15.83,0.78,0.37,7.08,254.75,0.01,0.06,0
501,조림류,콩조림,20,54.25,2.71,7.82,3.87,0.83,2.41,213.38,0,0.17,0
502,튀김류,감자튀김,100,306.84,3.07,37.59,3.69,15.74,0.29,246.46,0,3.06,0.08
503,튀김류,고구마 빠스,94,253.9,2.7,39.04,1.25,11.13,0,9.44,0,0,0
504,튀김류,고구마맛탕,100,245.41,2.45,47.28,1.65,5.52,19.35,38.47,0,0.93,0.02
505,튀김류,고구마튀김,100,253,2.53,33.8,2.7,11.9,7.7,148.41,20.84,1.7,0.1
506,튀김류,김말이튀김,100,250.65,2.51,32.11,2.41,12.51,0.5,392.94,1.42,1.66,0.08
507,튀김류,깐풍기,200,588.72,2.94,37.78,26.14,37,9.96,657.13,138.85,8.1,0.18
508,튀김류,난자완스,200,346.25,1.73,19.15,21.63,20.35,0.49,703.23,76.76,4.59,0.23
509,튀김류,닭강정,100,310.25,3.1,28.42,15.94,14.76,6.56,426.2,51.25,3.18,0.1
510,튀김류,"닭튀김, 양념",100,276.03,2.76,21.13,17.75,13.39,6.24,402.74,68.89,2.69,0.11
511,튀김류,도라지 검은깨 튀김,56,133.46,2.38,23.64,2.38,3.89,0,161.62,0,0,0
512,튀김류,등심돈가스,200,623.83,3.12,38.49,32.99,37.54,3.66,574.08,98.16,9.12,0.26
513,튀김류,똥집튀김(대구동구),150,468.37,3.12,29.06,28.14,26.62,1.82,322.44,251.91,4.09,0.21
514,튀김류,라조기,200,398.99,1.99,26.23,20.66,23.49,0.15,648.52,90.58,5.15,0.15
515,튀김류,"레몬, 파슬리 빵가루를 입힌 도미",60,88.31,1.47,8.43,10.04,1.73,0,61.65,0,0,0
516,튀김류,멸치찹쌀 양념튀김,64,194.1,3.03,17.51,8.81,11.1,0,180.44,0,0,0
517,튀김류,모듬탕수,116,116.59,1.01,26.53,5.73,1,0,120.11,0,0,0
518,튀김류,미꾸라지튀김,100,387.49,3.87,28.85,10.89,25.39,0.3,324.47,50.15,3.89,0.15
519,튀김류,삼색 콩튀김,88,251.33,2.86,36.58,5.39,10.48,0,34.76,0,0,0
520,튀김류,새우튀김,100,301.23,3.01,26.3,9.05,17.76,0.09,555.81,60.23,3.04,0.19
521,튀김류,생강향의 고구마 크로켓,88,204.53,2.32,25.25,2.31,10.96,0,49.25,0,0,0
522,튀김류,생선까스,200,653.44,3.27,46.56,24.33,41.1,1.96,788.62,72.72,7.96,0.25
523,튀김류,수삼당근정과,112,110.12,0.98,28.35,2.04,0.18,0,22.64,0,0,0
524,튀김류,안심돈가스,200,651.75,3.26,34.25,33.28,42.4,2.77,551.55,105.47,8.55,0.25
525,튀김류,오징어튀김,100,308.2,3.08,24.29,11.93,18.14,0,359.99,101.92,2.9,0.18
526,튀김류,쥐포튀김,100,357,3.57,42.5,9.6,16.5,8,717.02,28.7,2.3,0.1
527,튀김류,채소튀김,100,320.66,3.21,37.63,3.61,17.3,2.87,278.99,1.87,3.2,0.22
528,튀김류,치즈돈가스,250,755.37,3.02,41.76,42.02,46.69,3.57,870.77,98.81,13.59,0.44
529,튀김류,치즈스틱,30,38.86,1.3,6.46,0.94,1.02,0.39,24.14,0.98,0.53,0
530,튀김류,치킨까스,200,593,2.97,44.02,27.91,33.92,4.15,779.27,72.97,8.42,0.27
531,튀김류,탕수육,200,456.72,2.28,51.83,17.48,19.94,17.08,442.98,44.01,4.9,0.17
532,튀김류,파마산치즈를 가미한 커틀렛,116,417.86,3.6,29.13,17.02,26.38,0,234.02,0,0,0
533,튀김류,호두 치킨,125,116.88,0.94,5.93,12.07,5.24,0,30.77,0,0,0
534,튀김류,황태강정,68,229.28,3.37,22.47,18.67,6.46,0,159.7,0,0,0
535,나물/숙채류,가지나물,50,23,0.46,2.65,0.6,1.1,0.55,152.2,0.49,0.15,0
536,나물/숙채류,고구마줄기나물,100,61.92,0.62,5.13,1.68,3.85,0.54,529.24,0,0.47,0.02
537,나물/숙채류,고사리나물,50,45.5,0.91,3.25,2,2.75,0,257.38,0,0.35,0
538,나물/숙채류,도라지나물,50,56,1.12,4.9,0.8,3.65,0,253.13,0,0.45,0
539,나물/숙채류,머위나물,100,71.69,0.72,5.07,2.32,4.68,1.23,479.09,0,0.52,0.02
540,나물/숙채류,무나물,50,33,0.66,2.65,0.45,2.25,1.2,280.46,0,0.3,0
541,나물/숙채류,미나리나물,50,29.5,0.59,2.25,1,1.85,0,150.33,0,0.25,0
542,나물/숙채류,숙주나물,50,20,0.4,1.35,1.1,1.15,0,188.35,0,0.1,0
543,나물/숙채류,시래기나물,50,47.5,0.95,2.55,1.5,3.5,0.05,216.81,0,0.4,0
544,나물/숙채류,취나물,50,74,1.48,3.3,1.35,6.15,0,281.86,0,0.85,0.05
545,나물/숙채류,콩나물,50,25.5,0.51,0.95,1.7,1.65,0,213.95,0,0.2,0
546,생채/무침류,감자냉채,123,44.12,0.36,9.03,1.73,0.37,0,102.93,0,0,0
547,생채/무침류,"겉절이, 배추",100,44.3,0.44,6.88,2.28,0.85,2.53,651.32,0,0.1,0
548,생채/무침류,"겉절이, 상추",100,68.07,0.68,8.02,2.51,2.88,3.23,499.98,0,0.31,0.02
549,생채/무침류,골뱅이무침,100,108.79,1.09,15.69,7.08,1.97,10.47,525.52,38.35,0.26,0.02
550,생채/무침류,과일 요구르트 샐러드,150,77.29,0.52,18.12,2.64,0.39,0,19.75,0,0,0
551,생채/무침류,구운 닭고기 샐러드와 저나트륨 과일드레싱,202,245.43,1.22,17.15,12.97,14.4,0,174.39,0,0,0
552,생채/무침류,구운 닭고기를 곁들인 두부 샐러드,140,122.74,0.88,3.74,14.5,6.31,0,265.93,0,0,0
553,생채/무침류,김무침,30,85.62,2.85,10.56,2.72,3.61,3.84,491.99,0.05,0.63,0.08
554,생채/무침류,낙지 잣소스 냉채,204,225.66,1.11,18.34,9.96,14.32,0,231.95,0,0,0
555,생채/무침류,노각무침,100,56.02,0.56,9.55,1.71,1.22,4.71,544.91,0,0.15,0
556,생채/무침류,니스와 샐러드,105,91.99,0.88,5.12,7.97,4.36,0,78.76,0,0,0
557,생채/무침류,단무지무침,100,40.88,0.41,5.55,0.91,1.67,1.43,857.84,0,0.19,0
558,생채/무침류,달래무침,100,90.84,0.91,15.88,2.68,1.84,7.45,578.03,0,0.22,0.01
559,생채/무침류,닭고기 샐러드,172,258.58,1.5,8.51,16.51,17.34,0,270.49,0,0,0
560,생채/무침류,도라지생채,100,115.43,1.15,23.56,2.29,1.34,9.82,527.16,0,0.15,0
561,생채/무침류,도토리묵,100,45.6,0.46,10.38,0.29,0.32,0.43,124.15,0,0.03,0
562,생채/무침류,돼지고기 수육 부추무침,119,199.72,1.68,11.28,9.56,13.16,0,258.15,0,0,0
563,생채/무침류,두부 다시마말이,149,80.65,0.54,6.85,5.86,4.6,0,246.91,0,0,0
564,생채/무침류,두부선과 저나트륨 겨자 간장소스,138,120.82,0.88,5.19,12.35,6.51,0,209.82,0,0,0
565,생채/무침류,마늘쫑무침,30,39.56,1.32,8.52,0.82,0.25,4.56,415.03,0.28,0.05,0
566,생채/무침류,무말랭이무침,30,40.79,1.36,8.55,0.98,0.3,3.75,384.61,0.04,0.04,0
567,생채/무침류,무생채,100,52.4,0.52,9.26,1.69,0.96,5.57,582.55,1.78,0.11,0
568,생채/무침류,"묵무침, 청포묵",100,59.42,0.59,9.07,1.14,2.06,0.7,289.61,0,0.32,0.01
569,생채/무침류,미역초무침,100,51.32,0.51,9.05,1.93,0.82,4.27,596.25,0,0.1,0
570,생채/무침류,벤댕이무침(인천),400,600.01,1.5,46.01,29.84,32.96,27.03,1027.22,101.51,4.61,0.15
571,생채/무침류,부추무침,100,71.55,0.72,9.42,2.86,2.49,4.3,677.43,0,0.26,0.01
572,생채/무침류,북어채무침,100,226.05,2.26,26.43,19.83,4.56,14.42,740.9,78.7,0.81,0.04
573,생채/무침류,산마드레싱 실곤약 샐러드,120,96.56,0.8,7.09,7.09,4.98,0,35.41,0,0,0
574,생채/무침류,상추 겉절이,43,18.91,0.44,3.83,1.12,0.46,0,106.28,0,0,0
575,생채/무침류,서대회무침(여수),300,315.21,1.05,45.87,22.6,4.59,22.35,1198.9,67.71,0.55,0.02
576,생채/무침류,수삼 냉채,85,38.15,0.45,9.44,1.22,0.25,0,200.97,0,0,0
577,생채/무침류,스테이크 샐러드,140,176.86,1.26,3.49,16.93,10.12,0,404.08,0,0,0
578,생채/무침류,쑥갓무침,100,63.71,0.64,4.38,3.02,3.79,0.21,473.33,0.03,0.45,0.03
579,생채/무침류,아보카도 두부 샐러드,207,425.3,2.05,8.32,11.53,38.77,0,361.05,0,0,0
580,생채/무침류,아시아식 국수 샐러드,117,276.16,2.36,47.37,13.41,2.47,0,262.63,0,0,0
581,생채/무침류,양상추와 닭고기 요리,171,78.44,0.46,6.43,4.45,4.48,0,67.31,0,0,0
582,생채/무침류,양장피,250,229.75,0.92,19.44,16.41,9.6,1.66,853.36,146.18,1.94,0.07
583,생채/무침류,얼갈이 무침,138,71.47,0.52,6.68,4.68,4.06,0,181.11,0,0,0
584,생채/무침류,연어냉채,95,128.91,1.36,7.41,9.57,6.74,0,398.28,0,0,0
585,생채/무침류,오이 초절임,83,194,2.34,19.27,0.85,13.6,0,372.92,0,0,0
586,생채/무침류,오이생채,100,47.35,0.47,8.26,1.64,0.86,4.17,502.36,0,0.11,0
587,생채/무침류,오이선,89,67.43,0.76,7.08,5.38,2.54,0,224.15,0,0,0
588,생채/무침류,오이지무침,100,72.03,0.72,10.15,1.5,2.83,3.97,1129.78,0,0.29,0.01
589,생채/무침류,이태리식 해산물 샐러드,147,127.57,0.87,3.48,17.68,4.59,0,225.67,0,0,0
590,생채/무침류,쥐치채,20,55.92,2.8,10.89,2.75,0.15,4.55,296.34,8.57,0.19,0.01
591,생채/무침류,참기름 드레싱의 즉석 샐러드,72,75.86,1.05,5.96,1.35,5.48,0,109.15,0,0,0
592,생채/무침류,카프라제,89,158.21,1.78,3.81,6.98,13.35,0,7.61,0,0,0
593,생채/무침류,탕평채,100,97,0.97,12.3,3.6,3.8,0.4,260.4,47.24,0.7,0
594,생채/무침류,태국식 불고기 샐러드,130,88.69,0.68,8.71,8.26,3.12,0,241.79,0,0,0
595,생채/무침류,파래무침,30,34.51,1.15,5.95,1.14,0.68,2.6,244.01,0,0.14,0.01
596,생채/무침류,파무침,100,87.19,0.87,11.86,2.13,3.47,7.07,452.71,0,0.4,0.01
597,생채/무침류,펜네 파스타 샐러드,102,212.82,2.09,34.18,7.39,4.84,0,71.98,0,0,0
598,생채/무침류,허브 마리네이드 참치 샐러드,182,235.69,1.3,13.9,26.61,7.77,0,61.24,0,0,0
599,생채/무침류,호두 사과 샐러드,80,109.55,1.37,13.7,1.23,6.48,0,30.65,0,0,0
600,생채/무침류,홍어회무침,200,198.94,0.99,25.95,17.85,2.63,14.46,802.04,57.03,0.36,0
601,김치류,갓김치,50,29.18,0.58,4.12,1.78,0.62,0.99,448.99,1.45,0.06,0
602,김치류,고들빼기,50,55.53,1.11,10.93,1.58,0.61,2.84,742.43,2.98,0.07,0
603,김치류,깍두기,50,18.33,0.37,3.34,0.83,0.18,1.39,323.47,0.8,0.02,0
604,김치류,깻잎김치,100,87.42,0.87,14.08,3.47,1.91,5.41,1174.52,0,0.2,0.01
605,김치류,나박김치,100,13.72,0.14,1.64,0.61,0.52,0.1,498.44,0.43,0.02,0
606,김치류,동치미,100,15.21,0.15,2.78,0.49,0.24,0.6,555.93,0,0.01,0
607,김치류,배추김치,50,19.13,0.38,2.9,1.23,0.29,0.79,312.08,1.13,0.06,0
608,김치류,백김치,50,9.35,0.19,1.23,0.53,0.26,0.12,249.07,0.01,0.01,0
609,김치류,부추김치,100,68.55,0.69,10.83,3.22,1.37,4.16,767.4,0,0.18,0
610,김치류,열무김치,50,16.77,0.34,2.43,1.12,0.28,0.58,310.35,1.81,0.05,0
611,김치류,열무얼갈이김치,50,17.68,0.35,2.61,1.07,0.33,0.46,339.9,1.03,0.04,0
612,김치류,오이소박이,50,17.38,0.35,2.45,0.85,0.47,0.14,266,0.88,0.04,0
613,김치류,총각김치,50,18.63,0.37,2.82,1.16,0.3,0.79,337.76,0.9,0.06,0
614,김치류,파김치,50,29.54,0.59,4.54,1.49,0.6,1.13,408.05,2.17,0.07,0
615,젓갈류,간장게장,250,302.16,1.21,12.84,37.69,11.12,5.9,3220.82,378.79,2.63,0.23
616,젓갈류,양념게장,200,279.63,1.4,42.05,23.92,1.75,17.04,1775.08,135.41,0.61,0.02
617,장아찌/절임류,고추장아찌,30,21.63,0.72,3.95,0.77,0.31,2.42,773.52,0.09,0.03,0
618,장아찌/절임류,깻잎장아찌,30,35.32,1.18,6.88,1.03,0.41,2.88,546.72,0.44,0.04,0
619,장아찌/절임류,마늘장아찌,30,16.84,0.56,2.96,0.9,0.15,1.28,487.97,0.02,0.01,0
620,장아찌/절임류,매실장아찌,30,72.88,2.43,17.43,0.5,0.13,11.45,337.86,0,0.02,0
621,장아찌/절임류,무장아찌,30,23.92,0.8,5.03,0.44,0.23,2.88,879.81,0.04,0.01,0
622,장아찌/절임류,양배추 깻잎 피클,64,15.26,0.24,3.83,0.43,0.08,0,334.73,0,0,0
623,장아찌/절임류,양파장아찌,100,39.4,0.39,7.63,1.11,0.49,5.55,703,0,0.01,0
624,장아찌/절임류,오이피클,20,18.4,0.92,5.06,0.12,0.06,0,133.4,0,0,0
625,유제품류 및 빙과류,복숭아샤벳,270,146.21,0.54,39.18,1.57,0.3,0,8.61,0,0,0
626,유제품류 및 빙과류,서양식 씨리얼(뮤즐리),105,158.6,1.51,25.76,5.25,4.76,0,27.14,0,0,0
627,유제품류 및 빙과류,식혜 팥빙수,150,135.85,0.91,33.08,3.66,0.01,0,5.36,0,0,0
628,유제품류 및 빙과류,홍시쉐이크,120,69.72,0.58,18.29,1.15,0.56,0,4.76,0,0,0
629,음료 및 차류,수정과,150,133.5,0.89,20.4,0.6,5.4,20.7,9.72,0,0,0.15
630,음료 및 차류,식혜,150,130.5,0.87,24.3,2.25,2.7,17.1,3.38,0,0,0
631,음료 및 차류,우유생강차,200,108,0.54,15.66,5.98,2.82,0,184.94,0,0,0
632,과일류,복숭아화채,101,72.8,0.72,16.7,1.35,1.1,0,1.69,0,0,0
633,과일류,수박화채,210,125.83,0.6,28.37,3.4,0.74,0,2.18,0,0,0
634,과일류,오렌지,200,44.44,0.22,11.11,0,0,11.12,22.22,0,0,0
635,당류,과일 젤리,160,140.45,0.88,34.99,1.31,0.18,0,25.3,0,0,0
636,당류,두부양갱,82,66.62,0.81,11.9,2.84,1.68,0,2.54,0,0,0
637,당류,딸기잼,20,48.6,2.43,12.58,0.08,0.02,0,0.6,0,0,0
638,"곡류, 서류 제품",가래떡,100,208.2,2.08,47.49,3.81,0.33,0,256.96,0,0.17,0
639,"곡류, 서류 제품",고구마경단,100,208.96,2.09,44.01,2.8,3.56,0,50.51,0,0,0
640,"곡류, 서류 제품",고구마란,92,165.97,1.8,35.59,2.82,2.76,0,12.69,0,0,0
641,"곡류, 서류 제품",고구마쑥단자,80,149.93,1.87,32.7,3.93,1.14,0,7.71,0,0,0
642,"곡류, 서류 제품",고추 장떡,103,250.36,2.43,41.24,6.86,5.8,0,110.68,0,0,0
643,"곡류, 서류 제품",김치떡,145,301.77,2.08,53.3,13.47,3.42,0,293.33,0,0,0
644,"곡류, 서류 제품",꿀떡,100,217.8,2.18,48.86,3.82,0.79,2.6,250.9,0.43,0.24,0
645,"곡류, 서류 제품",녹두시루떡,100,246,2.46,48.1,7.7,2.5,4,263.66,0,0.5,0
646,"곡류, 서류 제품","떡, 메밀전병 ",100,168,1.68,21.6,6.2,6.3,0.6,345.8,8.05,1.2,0
647,"곡류, 서류 제품","떡, 송편(깨) ",100,224,2.24,45,4.9,2.7,1.1,231.82,0,0.5,0
648,"곡류, 서류 제품","떡, 송편(콩) ",100,194,1.94,41.7,5.2,0.7,1.3,233.5,0,0.2,0
649,"곡류, 서류 제품","떡, 수수부꾸미",100,248,2.48,42.1,5.7,6.3,0.2,261,0,1,0
650,"곡류, 서류 제품","떡, 수수팥떡 ",100,204,2.04,43,6.7,0.6,2.8,241.93,0,0.2,0
651,"곡류, 서류 제품","떡, 쑥떡     ",100,249,2.49,57.9,3.4,0.4,10.7,254.32,0,0.2,0
652,"곡류, 서류 제품","떡,경단(깨)  ",100,319,3.19,74.2,4.4,0.5,26.6,180,0,0.5,0
653,"곡류, 서류 제품","떡,경단(콩)  ",100,314,3.14,74,3.5,0.5,20.6,225.83,0,0.2,0
654,"곡류, 서류 제품","떡,기피편    ",100,220,2.2,49,5.4,0.2,2.1,281.06,0,0.1,0
655,"곡류, 서류 제품",모듬옥수수,130,127.26,0.98,15,9.85,3.61,0,108.42,0,0,0
656,"곡류, 서류 제품",모듬찰떡,100,222.91,2.23,47.38,5.71,1.17,4.61,237.09,0,0.27,0
657,"곡류, 서류 제품",무지개떡,100,228.97,2.29,53.01,3.53,0.31,8.98,276.82,0,0.16,0
658,"곡류, 서류 제품",백설기,70,159.79,2.28,36.75,2.55,0.29,5.04,202.02,0,0.1,0
659,"곡류, 서류 제품",백설기,70,139.65,2,31.85,2.45,0,14.7,117.6,0,0,0
660,"곡류, 서류 제품",시루떡,100,217.48,2.17,47.54,5.47,0.61,3.22,277.91,0,0.24,0
661,"곡류, 서류 제품",약식,100,244.38,2.44,52.33,3.71,2.24,9.67,289.33,0,0.55,0.04
662,"곡류, 서류 제품",인절미,100,220.95,2.21,45.39,5.65,1.86,1.93,341.37,0,0.56,0
663,"곡류, 서류 제품",절편,100,192.89,1.93,43.94,3.64,0.28,0.07,265.87,0.03,0.19,0
664,"곡류, 서류 제품",증편,100,192.73,1.93,44.83,2.66,0.3,6.6,264.17,0,0.16,0
665,"곡류, 서류 제품",찹쌀떡,100,276.87,2.77,65.61,3.27,0.15,17.54,225.61,0,0.15,0
666,"두류, 견과 및 종실류",초당순두부(강릉),900,522.69,0.58,15.76,49.12,29.24,0.86,1203.35,0,3.83,0
667,수조어육류,낙지강회,104,51.65,0.5,6.93,6.68,0.46,0,152.59,0,0,0
668,수조어육류,대구포,100,141,1.41,2.3,32,0.4,0,3875.95,107.15,0.2,0
669,수조어육류,"돼지고기, 머리고기",100,324.88,3.25,1.74,21.22,26,0.03,166.82,85.55,7.6,0.19
670,수조어육류,북어포       ,20,66.4,3.32,0.32,15.42,0.38,0.22,128.99,85.02,0.14,0
671,수조어육류,어묵,30,12.72,0.42,0.84,0.84,0.66,0.28,36.17,0,0.03,0
672,수조어육류,육회,150,229.91,1.53,14.1,22.38,9.33,1.52,447.81,79.09,2.91,0.17
673,햄버거,레이디샌드위치,215,971.8,4.52,105.35,47.94,39.34,15.05,1270.65,6.99,10.1,0.47
674,햄버거,로스트 갈릭버거,153,638.55,4.17,61.4,24.39,32.82,15.66,1342.04,46.07,10.91,0.05
675,햄버거,불갈비버거,162,645.84,3.99,64.95,27.95,30.47,22.12,1352.09,50.15,11.47,0.68
676,햄버거,불고기버거,167,641.28,3.84,78.49,20.88,26.72,12.19,794.92,4.46,7.18,0.2
677,햄버거,불고기와퍼쥬니어,158,601.13,3.8,56.42,28.71,28.96,5.72,827.06,38.19,11.96,0.05
678,햄버거,불고기크리스피치킨버거,140,617.4,4.41,57.4,22.4,33.6,10.08,1132.6,42,7.84,0.28
679,햄버거,"빵,크로아쌍, 소시지크라상(버거킹)",100,349,3.49,2.6,11.8,27,0,737,0,0,0
680,햄버거,"사이다,사이다, 사이다(R)(버거킹)",100,165,1.65,17.6,0,0,0,0,0,0,0
681,햄버거,쉬림프징거버거,154,687.29,4.46,78.5,17.55,33.68,9.01,1542.96,53.74,7.76,0.5
682,햄버거,스위피버거,159,674.16,4.24,71.55,23.37,32.12,8.74,620.1,2.1,2.07,0.21
683,햄버거,싱글즈불고기 버거,140,519.03,3.71,50.04,23.58,24.95,13.84,605.23,31.4,10.66,0.04
684,햄버거,"양파링튀긴것,양파링튀긴것, 어니언링(L)(버거킹)",100,397,3.97,4.6,5.3,19.9,0,583,0,0,0
685,햄버거,"양파링튀긴것,양파링튀긴것, 어니언링(R)(버거킹)",100,404,4.04,4.3,5.3,20.2,0,585,0,0,0
686,햄버거,어린이불고기버거,136,503.3,3.7,53.55,24.38,21.29,10.41,657.9,45.96,9.19,0.04
687,햄버거,"오렌지쥬스,농축과즙, 오렌지주스(버거킹)",100,150,1.5,11,0.7,0,0,0,0,0,0
688,햄버거,와퍼주니어,158,630.42,3.99,52.14,26.86,34.76,7.27,900.6,56.88,12.17,0.05
689,햄버거,치즈버거,133,486.78,3.66,42.56,25.27,23.94,7.85,1000.16,61.18,11.44,0.05
690,햄버거,"커피,여과액, 커피(버거킹)",100,160,1.6,0.3,0,0,0,1,0,0,0
691,햄버거,"콜라,다이어트콜라, 다이어트(R)(버거킹)",100,4,0.04,0.3,0,0,0,0,0,0,0
692,햄버거,"콜라,일반콜라, 코카콜라(R)(버거킹)",100,150,1.5,18.6,0,0,0,0,0,0,0
693,햄버거,타바스코맛샌드위치,155,494.45,3.19,55.8,40.61,11.78,13.48,581.25,1.05,3.1,0.17
694,햄버거,트위스터,169,664.9,3.93,61.41,27.7,34.27,1.86,2876.09,51.52,10.85,0
695,햄버거,"파이,사과파이, 애플파이(버거킹)",100,266,2.66,19.5,2.7,13.3,0,204,0,0,0
696,햄버거,햄버거,121,370.26,3.06,38.72,20.57,14.52,7.62,620.73,52.03,7.38,0.05
697,햄버거,"햄버거,일반버거, 더블와퍼(버거킹)",100,264,2.64,2.3,14,16.9,0,281,0,0,0
698,햄버거,"햄버거,일반버거, 와퍼(버거킹)",100,244,2.44,3,10.7,14.8,0,333,0,0,0
699,햄버거,"햄버거,일반버거, 와퍼쥬니어(버거킹)",100,253,2.53,3.2,12,15.2,0,335,0,0,0
700,햄버거,"햄버거,일반버거, 햄버거(버거킹)",100,267,2.67,3.3,15.8,12.5,0,433,0,0,0
701,햄버거,"햄버거,치즈버거, 베이컨더블치즈버거(버거킹)",100,301,3.01,2.4,19.9,18.4,0,597,0,0,0
702,햄버거,"햄버거,치즈버거, 치즈버거(버거킹)",100,271,2.71,3,15.8,14.3,0,571,0,0,0
703,햄버거,"햄버거,치즈버거, 치즈와퍼햄버거(버거킹)",100,258,2.58,2.7,11.9,16.3,0,468,0,0,0
704,햄버거,"햄버거,치킨버거, 치킨버거(버거킹)",100,310,3.1,1.7,11.4,18.8,0,611,0,0,0
705,햄버거,"햄버거,치킨버거, 치킨와퍼(버거킹)",100,215,2.15,2,11.7,10.5,0,429,0,0,0
706,햄버거,"햄버거,휘시버거, BK휘시휠레햄버거(버거킹)",100,286,2.86,1.6,9.1,17.1,0,468,0,0,0
707,햄버거,휠레샌드위치,195,764.4,3.92,62.4,41.53,38.61,14.23,916.5,2.87,7.8,0.33
708,피자,게살몽땅(살사소스)_Premium gold pizza_L,134,421.42,3.14,41.42,13.87,19.81,5.58,431.69,23.77,9,0.56
709,피자,게살몽땅(살사소스)_Premium gold pizza_R,104,252.08,2.42,26.35,9.43,10.84,5.31,318.54,12.36,4.34,0.33
710,피자,게살몽땅(살사소스)_Premium orgin pizza_L,107,272.32,2.55,26.28,11.43,10.4,5.26,370.83,9.14,4.57,0.29
711,피자,게살몽땅(살사소스)_Premium orgin pizza_R,170,704,4.14,69.65,25.43,26.01,13.87,908.33,26.01,10.98,0.72
712,피자,곤졸라(스크린),101,291.14,2.88,47.04,9.31,7.26,3.68,289.1,0,6.85,0
713,피자,곤졸라(치크),120,413.83,3.45,43.01,23.56,16.31,5.32,766.68,0,8.73,0
714,피자,곤졸라(팬),105,302.47,2.88,40.1,18.26,7.67,3.93,403.37,0,4.94,0
715,피자,곤졸라(피타),66,155.37,2.35,11.91,8.98,7.98,1.97,181.9,0,5.09,0
716,피자,곤졸라(피타2조각),133,626.18,4.71,48,36.18,32.16,7.93,733.1,0,20.53,0
717,피자,골드큐브(스크린),137,510.52,3.73,62.23,21.64,19.45,11.86,709.87,0,10.04,0
718,피자,골드큐브(치크),169,793.54,4.7,71.01,45.33,36.42,15.96,1546.8,0,12.85,0
719,피자,골드큐브(팬),151,623.55,4.13,79.65,24.77,22.88,13.07,849.52,0,10.74,0
720,피자,골드큐브(피타),122,469.86,3.85,37.21,22.74,25.56,9.03,550.32,0,14.2,0
721,피자,까르보네 피자,184,883.2,4.8,149.04,40.48,12.88,20.24,1251.2,9.2,9.02,0
722,피자,도이치바이트 피자,188,1005.8,5.35,133.48,45.12,33.84,30.08,1560.4,9.4,22.56,0
723,피자,로인크레페피자,100,250,2.5,33,16,6,5,630,5,3.6,0
724,피자,멕시칸바이트 피자,196,1029,5.25,141.12,58.8,25.48,37.24,1489.6,19.6,17.64,0
725,피자,바베큐폭립 피자,104,286,2.75,38.48,14.56,8.32,5.2,374.4,5.2,4.58,0
726,피자,베이컨살라미(레귤러),70,128.02,1.83,16.2,6.59,4.1,1.66,230.65,0,2.12,0
727,피자,베이컨살라미(스크린),121,424.43,3.51,42.27,23.04,18.13,8.53,658.65,0,8.97,0
728,피자,베이컨살라미(팬),123,406.32,3.3,64.51,13.48,10.45,3.94,378.91,0,9.69,0
729,피자,베이컨살라미(피타),91,257.66,2.83,20.83,12.97,13.58,3.48,376.33,0,7.76,0
730,피자,베이컨수프림(스크린),141,537.14,3.81,57.63,30.1,20.69,7.77,829.65,0,12.96,0
731,피자,베이컨수프림(치크),189,965.24,5.11,72.13,67.06,45.34,11.56,2026.36,0,20.14,0
732,피자,베이컨수프림(팬),170,771.98,4.54,83.12,42.6,29.9,9.06,1223.11,0,17.28,0
733,피자,베이컨수프림(피타),134,543.99,4.06,40.02,32.52,28.2,7.03,626.26,0,16.47,0
734,피자,불고기(레귤러),58,84.32,1.45,9.6,5.24,2.77,1.43,142.27,0,1.64,0
735,피자,불고기(스크린),101,277.01,2.74,27.81,15.38,11.59,5.19,457.34,0,6.54,0
736,피자,불고기(치크),134,455.23,3.4,50.61,28.01,15.61,6.92,870.85,0,8.82,0
737,피자,불고기(팬),119,358.09,3.01,59.35,12.72,7.77,4.38,190.21,0,7.35,0
738,피자,불고기(피타),71,143.14,2.02,11.13,8.67,7.1,2.25,190.11,0,4.32,0
739,피자,수퍼슈프림(레귤러),71,127.92,1.8,15.75,7.61,3.83,1.81,237.18,0,2,0
740,피자,수퍼슈프림(치크),151,602.49,3.99,71.14,32.29,20.98,9.26,1190.9,0,10.49,0
741,피자,수퍼슈프림(팬),125,403.28,3.23,66.25,11.72,10.16,4.53,666.72,0,9.22,0
742,피자,수퍼슈프림(피타),98,272.38,2.78,25.78,14.99,12.14,4.21,419.71,0,7,0
743,피자,스위트골드(팬),129,443.08,3.43,71.46,14.16,11.16,8.16,926.64,0,9.49,0
744,피자,스위트포테이토(레귤러),77,164.99,2.14,17.79,8.46,6.66,2.25,247.65,0,3.33,0
745,피자,스위트포테이토(스크린),104,323.14,3.11,29.34,18.73,14.54,5.03,496.45,0,6.94,0
746,피자,스위트포테이토(치크),138,534.36,3.87,51.88,26.85,24.38,7.25,905.49,0,11.88,0
747,피자,스위트포테이토(팬),123,409.08,3.33,63.74,12.81,11.45,8.44,422.49,0,8.74,0
748,피자,스위트포테이토(피타),85,237.63,2.8,17.81,11.92,13.19,2.91,291.61,0,6.72,0
749,피자,스윗나마스떼(스크린),130,418.7,3.22,57.06,16.73,13.73,10.21,764.49,0,8.05,0
750,피자,스윗나마스떼(치크),180,843.07,4.68,70.87,52.01,39.01,20.65,1632.39,0,18.86,0
751,피자,스윗나마스떼(팬),162,667.07,4.12,81.17,29.93,24.74,17.31,897.82,0,16.18,0
752,피자,스윗나마스떼(피타),116,358.91,3.09,33.72,16.64,17.5,10.9,434.69,0,11.32,0
753,피자,스테이크피자,175,803.25,4.59,105,36.75,26.25,12.25,2607.5,8.75,15.75,1.23
754,피자,스피나치오크레마(스크린),131,395.41,3.02,56.26,18.66,10.64,7.19,680.15,0,9.56,0
755,피자,스피나치오크레마(치크),152,548.08,3.61,88.1,37.92,19.35,7.76,1273.25,0,9.55,0
756,피자,스피나치오크레마(팬),134,407.33,3.04,63.29,19.46,8.48,5.78,649.89,0,7.76,0
757,피자,스피나치오크레마(피타),109,298.62,2.74,30.58,15.66,12.63,2.97,419.69,0,10.68,0
758,피자,씨크릿가든_Premium gold pizza_L,133,471.76,3.55,68.6,15.34,15.15,5.47,703.14,32.45,12.52,0
759,피자,씨크릿가든_Premium gold pizza_R,103,256.71,2.49,41.42,9.58,5.86,2.77,256.08,23.21,3.73,0
760,피자,씨푸뜨아(스크린),122,401.88,3.29,43.12,21.02,16.15,8.08,797.34,0,7.32,0
761,피자,씨푸뜨아(치크),149,582.74,3.91,40.52,42.84,27.66,10.37,1409.23,0,9.6,0
762,피자,씨푸뜨아(팬),131,438.19,3.34,49.68,24.02,15.93,8.09,776.99,0,7.8,0
763,피자,씨푸뜨아(피타),118,403.62,3.42,31.48,19.87,22.02,7.06,678.47,0,11.56,0
764,피자,아이다호포테이토(스크린),124,440.98,3.56,55.51,13.22,18.45,4.15,394.55,0,13.53,0
765,피자,아이다호포테이토(치크),143,589.49,4.12,48.67,30.15,30.43,5.92,959.32,0,16.3,0
766,피자,아이다호포테이토(팬),130,435.54,3.35,60.8,17.68,13.51,5.08,651.39,0,8.23,0
767,피자,아이다호포테이토(피타),97,276.84,2.85,27.97,10.69,13.58,2.87,390.53,0,7.36,0
768,피자,야채피자(레귤러),56,84.59,1.51,11.28,4.47,2.4,0.94,130.82,0,1.53,0
769,피자,야채피자(스크린),89,213.3,2.4,26.13,10.65,7.35,3.06,349.63,0,4.43,0
770,피자,야채피자(치크),134,559.28,4.17,27.91,41.84,31.11,6.63,1048.94,0,15.5,0
771,피자,야채피자(팬),98,249.89,2.55,33.83,12.64,7.11,2.82,377.24,0,4.65,0
772,피자,야채피자(피타),58,104.63,1.8,9.15,6.03,4.88,1.21,124.74,0,3.21,0
773,피자,옥토쉬림프(스크린),122,379.28,3.11,64.43,12.38,8.05,10.44,491.88,0,7.31,0
774,피자,옥토쉬림프(치크),141,518.15,3.67,59.34,29,18.33,13.18,1065.75,0,9.14,0
775,피자,옥토쉬림프(팬),151,566.8,3.75,74.17,32.3,15.66,7.13,893.73,0,9.21,0
776,피자,옥토쉬림프(피타),81,167.72,2.07,16.06,10.65,6.76,3.29,238.43,0,4.19,0
777,피자,유어스페셜_Special pizza_L,144,586.41,4.07,91.65,15.76,17.42,7.05,307.31,2.7,11.4,0
778,피자,유어스페셜_Special pizza_R,118,371.63,3.15,51.52,14.76,11.84,4.32,383.05,1.67,8.08,0
779,피자,치즈 피자,146,649.7,4.45,99.28,40.88,20.44,26.28,1007.4,14.6,11.1,0
780,피자,치즈피자(레귤러),51,73.66,1.44,10.33,3.84,1.89,0.68,113.04,0,1.19,0
781,피자,치즈피자(스크린),80,196.16,2.45,21.54,10.44,7.58,2.99,320.86,0,4.44,0
782,피자,치즈피자(치크),119,484.89,4.07,25.22,34.49,27.31,4.38,932.57,0,13.35,0
783,피자,치즈피자(팬),89,213.88,2.4,27.82,11.72,6.2,1.85,439.84,0,3.83,0
784,피자,치즈피자(피타),50,87.72,1.75,7.98,4.64,4.14,0.72,107.75,0,2.68,0
785,피자,칠리타코(레귤러),60,91.72,1.53,11.26,4.93,3,1.44,125.24,0,1.66,0
786,피자,칠리타코(스크린),93,251.53,2.7,29.76,11.48,9.63,5.16,406.96,0,4.74,0
787,피자,칠리타코(치크),174,932.57,5.36,59.31,57.66,51.59,14.66,1576.06,0,24.88,0
788,피자,칠리타코(팬),107,301.89,2.82,38.24,13.74,10.44,4.61,527,0,5.76,0
789,피자,칠리타코(피타),78,186.95,2.4,17.48,8.86,9.07,2.98,215.71,0,5.39,0
790,피자,파스트라미(치크),162,669.73,4.13,88.87,49.03,28.53,8.3,1466.46,0,11.43,0
791,피자,파스트라미[스크린],115,350.32,3.05,29.06,20.8,16.76,6.64,497.86,0,10.15,0
792,피자,파스트라미[팬],143,510.24,3.57,63.11,28.38,16.03,6.2,790.15,0,9.39,0
793,피자,파스트라미[피타],104,274.69,2.64,29.99,14.65,10.68,4.4,459.44,0,5.31,0
794,피자,페퍼로니 라이스골드L,139,573.76,4.13,207.11,33.51,617.02,4.66,306.54,4.35,10.15,34.88
795,피자,페퍼로니(레귤러),54,81.13,1.5,9,4.91,2.83,0.65,132.58,0,1.71,0
796,피자,페퍼로니(스크린),124,448.09,3.61,48.77,25.24,16.9,5.83,764.95,0,9.3,0
797,피자,페퍼로니(팬),127,433.95,3.42,51.31,25.69,13.99,4.06,747.37,0,8.35,0
798,피자,페퍼로니(피타),87,237.56,2.73,21,13.54,11.05,1.64,343.46,0,6.72,0
799,피자,페퍼로니(피타2조각),173,944.8,5.46,83.5,53.84,43.94,6.52,1365.96,0,26.73,0
800,피자,페페로니 피자,140,623,4.45,78.4,47.6,28,22.4,742,14,12.6,0
801,피자,포테이토스페셜(레귤러),116,343.79,2.96,42.36,17.88,11.42,4.59,518.59,0,6.36,0
802,피자,포테이토스페셜(스크린),147,546.26,3.72,61,30.76,19.92,7.09,773.35,0,10.48,0
803,피자,포테이토스페셜(치크),165,706.54,4.28,50.76,51.72,32.91,9.26,1449.96,0,12.57,0
804,피자,포테이토스페셜(팬),126,399.04,3.17,68.86,11.56,8.55,4.75,398.25,0,7.6,0
805,피자,포테이토스페셜(피타),125,432.1,3.46,40.17,22.37,20.21,5.07,546.25,0,11.66,0
806,피자,한우송이(치크),171,776.89,4.54,58.33,53.51,36.57,17.05,1486.01,0,15.89,0
807,피자,한우송이(피타),122,423.4,3.47,32.37,22.21,22.79,9.56,622.45,0,14.21,0
808,피자,한우송이피자(스크린),136,502.5,3.69,50.48,26.7,21.53,10.62,880.36,0,12.17,0
809,피자,한우송이피자(팬),152,604.54,3.98,68.16,31.72,22.78,13.96,784.84,0,13.38,0
810,피자,핫치킨 피자,178,836.6,4.7,131.72,42.72,14.6,28.48,1192.6,17.8,7.12,0
811,피자,화이트갈릭(레귤러),106,304.19,2.87,34.5,16.76,11.02,3.43,426.52,0,6.92,0
812,피자,화이트갈릭(스크린),137,548.09,4,53.83,28.53,24.3,8.85,863.26,0,13.79,0
813,피자,화이트갈릭(치크),155,707.83,4.57,44.27,48.43,37.41,11.24,1523.32,0,16.37,0
814,피자,화이트갈릭(팬),115,374.48,3.26,60.04,10.8,10.14,3.56,483.91,0,8.43,0
815,피자,화이트갈릭(피타),120,469.41,3.91,34.19,23.86,26.36,7.29,594.25,0,14.93,0
816,제빵,(특)롤케익,70,159.6,2.28,22.4,3.5,6.3,13.3,75.6,136.5,2.8,0
817,제빵,9곡발아식빵,70,112,1.6,18.9,3.5,2.1,2.1,203,3.5,1.05,0
818,제빵,가나슈생크림빵,80,216,2.7,28.8,4,9.6,9.6,67.2,21.6,5.6,0
819,제빵,가또쇼콜라파티,60,240,4,20,3,18,12,95,70,8,0.32
820,제빵,가을 품은 고구마,60,126,2.1,15.6,1.8,6.6,6,120,0,3.6,0
821,제빵,가을이 그리운 밤,68,176.8,2.6,20.4,2.72,9.52,7.48,136,0,5.44,0
822,제빵,갈릭러스크,80,248,3.1,22.4,2.4,16,8,280,36,10.4,0.4
823,제빵,갈릭바게뜨,100,368.65,3.69,51.14,9.48,14.02,13.15,507.39,0,5.81,0
824,제빵,갈릭앤치즈브레드,100,352.21,3.52,36.87,10.38,18.14,4.49,516.79,0,8.37,0
825,제빵,거울공주미미,65,270,4.15,26,3,18,19,105,60,8,0.33
826,제빵,건포도빵,100,320.01,3.2,46.72,7.81,11.32,8.21,370.33,0,0.75,0
827,제빵,검은콩 흑미이야기,70,119.7,1.71,21,4.2,2.1,2.8,177.8,8.4,0.7,0
828,제빵,고구마데니쉬,74,167.24,2.26,25.16,2.22,6.66,7.4,53.28,11.1,2.96,0
829,제빵,고구마맛스폰지,70,168.7,2.41,19.6,2.8,9.1,12.6,72.8,48.3,4.9,0
830,제빵,고구마생크림,70,136.5,1.95,16.8,2.1,7,8.4,52.5,38.5,4.2,0
831,제빵,고구마생크림 1호,70,125.3,1.79,14,1.4,7,7,43.4,42,4.2,0
832,제빵,고구마생크림케익,70,136.5,1.95,16.8,2.1,7,8.4,52.5,38.5,4.2,0
833,제빵,고구마소보루빵,90,280,3.11,50,6,8,17,240,30,3,0.15
834,제빵,고구마쉬폰,70,133.7,1.91,13.3,1.4,8.4,7.7,42,39.9,4.9,0
835,제빵,고구마크림데니쉬,100,372.18,3.72,52.77,5.7,15.37,12.13,177.66,0,5.21,0
836,제빵,고구마크림빵,73,139.43,1.91,23.36,2.92,3.65,8.03,40.88,17.52,2.19,0
837,제빵,고구마크림치즈패스츄리,100,360.91,3.61,46.99,7.21,16.01,14.13,304.42,0,4.99,0
838,제빵,고소한 고구마 생크림,70,135.1,1.93,16.8,2.1,7,9.1,56,41.3,3.5,0
839,제빵,고소한 호두롤,70,154,2.2,18.9,3.5,7.7,10.5,87.5,73.5,1.4,0
840,제빵,고소한핑거스틱,100,260,2.6,47,8,4.5,14,240,100,2,0.09
841,제빵,고소함가득 곡물브레드,120,330,2.75,60,9,8,16,390,5,2.5,0
842,제빵,곡물-롤케익(프레젠용),69,181.47,2.63,20.7,3.45,9.66,12.42,68.31,98.67,4.83,0
843,제빵,과일생크림미니,70,124.6,1.78,14,1.4,7,9.8,50.4,28,4.9,0
844,제빵,구름처럼 푹신한 크림빵,60,126,2.1,14.4,2.4,7.2,4.8,84,18,4.8,0.3
845,제빵,그 시절 옥수수카스테라,100,350,3.5,44,5,18,20,270,110,7,0
846,제빵,그대로토스트,70,195,2.79,28,5,7,3,310,10,3,0.08
847,제빵,그랜드카페모카,70,250,3.57,22,3,16,17,120,90,7,0.18
848,제빵,그레이프머핀,62,176.7,2.85,21.08,2.48,9.3,12.4,173.6,34.1,3.1,0
849,제빵,그루에,47,98.7,2.1,13.16,1.41,4.7,7.05,28.2,30.55,2.82,0
850,제빵,그린미니본델리슈,50,70,1.4,14.5,1.5,1,12,12.5,37.5,0.5,0
851,제빵,그린본델리슈,50,70,1.4,14.5,1.5,1,12,12.5,37.5,0.5,0
852,제빵,그린콩생크림빵,70,172.9,2.47,21.7,2.8,8.4,9.8,129.5,9.8,4.2,0
853,제빵,글레이즈드,100,439.66,4.4,44.45,7.13,25.93,7.37,591.08,0,7.02,0
854,제빵,글레이즈드 사워 크림,75,213.75,2.85,33.75,2.25,8.25,18.75,195,0,2.62,0
855,제빵,글레이즈드 초콜릿 케익,75,210,2.8,33.75,2.25,7.5,14.25,172.5,0,2.62,0
856,제빵,까망베르치즈머핀,115,552,4.8,67.85,8.05,27.6,33.35,460,74.75,9.2,0
857,제빵,까망베르치즈생크림,52,84.76,1.63,8.32,1.04,5.2,5.72,41.08,25.48,3.12,0
858,제빵,꼬마버스 타요 친구들,65,260,4,23,3,18,14,100,80,8,0.24
859,제빵,꽃다발한아름케이크,70,129.5,1.85,14,3.5,7,7,98,38.5,3.5,0
860,제빵,꽃밭에서 붕붕벌,55,230,4.18,19,2,18,11,90,60,8,0.37
861,제빵,나를위한선택 53.5,70,129.5,1.85,20.3,4.9,3.5,3.5,175,38.5,1.05,0
862,제빵,내가찾던모카케이크,60,240,4,17,3,18,17,90,80,8,0.3
863,제빵,내가찾던초코케이크,60,240,4,19,3,18,12,90,65,8,0.28
864,제빵,녹차&단팥 먼치킨,50,82.5,1.65,11,1.5,4,4,90,0,2.3,0
865,제빵,녹차도라야끼,60,99,1.65,21,3,1.14,10.8,51,21,0.3,0
866,제빵,녹차롤,70,171.5,2.45,30.8,4.2,3.5,10.5,80.5,70,1.75,0
867,제빵,녹차롤(미니),40,59.6,1.49,6,0.8,3.6,3.6,22.4,23.6,2,0
868,제빵,녹차롤(프레젠용),62,142.6,2.3,14.88,2.48,8.68,8.68,53.32,57.04,4.34,0
869,제빵,녹차롤케익,70,154,2.2,19.6,2.8,7,12.6,87.5,77,1.75,0
870,제빵,녹차만주,66,138.6,2.1,26.4,3.3,3.1,13.2,69.3,19.8,0.66,0.33
871,제빵,녹차빅글레이즈드,100,377.99,3.78,55.72,7.04,14.1,8.06,473.56,0,6.45,0
872,제빵,녹차생크림케익,58,99.76,1.72,9.86,1.74,5.8,6.38,22.62,33.64,3.48,0
873,제빵,녹차쉬폰,64,124.16,1.94,10.24,2.56,8.32,6.4,40.32,61.44,3.84,0
874,제빵,녹차쉬폰(M),65,104,1.6,11.7,1.3,5.85,8.45,45.5,32.5,2.21,0
875,제빵,녹차카스테라,50,80,1.6,15.5,2,1,5.5,42.5,45,0.4,0
876,제빵,뉴욕치즈케익 도넛,91,304.85,3.35,39.13,3.64,14.56,16.38,182,0,5.46,0
877,제빵,뉴치킨고로케,100,345.52,3.46,28.93,7.1,22.38,2.49,588.32,0,2.65,0
878,제빵,다크아몬드링,50,89.5,1.79,12,2.5,4,2,136.5,0,1.75,0
879,제빵,다크초콜릿마카다미아,100,543.07,5.43,55.77,7.75,32.11,24.14,312.02,0,6.19,0
880,제빵,단팥 츄잉볼,90,301.5,3.35,54,4.5,9,17.1,63,58.5,4.5,0
881,제빵,단팥빵,75,150,2,30,3,2.62,15.75,150,15,1.5,0
882,제빵,단호박검은깨식빵,70,112,1.6,20.3,3.5,2.1,2.8,147,3.5,1.05,0
883,제빵,달콤옥수수크림샌드,60,81,1.35,15,1.8,3.42,3,126,0.6,1.86,0
884,제빵,달콤한타르트,73,211.7,2.9,24.82,3.65,10.95,5.84,67.89,22.63,4.38,0
885,제빵,담백하고쫄깃한뜯어먹는식빵,100,282.73,2.83,45.5,8.08,7.6,5.53,367.61,0,3.86,0
886,제빵,더블 초코칩 크러핀,86,292.4,3.4,36.12,5.16,14.62,2.58,86,0,3.78,0
887,제빵,더블 초콜릿 아이스드,60,153,2.55,19.2,2.4,7.8,8.4,78,0,4.2,0
888,제빵,더블생크림,70,126,1.8,21,3.5,3.5,2.8,182,7,2.1,0
889,제빵,더블초콜렛머핀,90,351,3.9,41.4,4.5,19.8,23.4,324,61.2,5.4,0
890,제빵,더블치즈베이글,80,216,2.7,32.8,9.6,6.4,2.4,408,14.4,3.2,0
891,제빵,더치카카오머핀,115,540.5,4.7,71.3,9.2,24.15,32.2,402.5,74.75,9.2,0
892,제빵,던킨 글레이즈드,45,94.5,2.1,9,1.35,4.95,3.15,135,0,3.15,0
893,제빵,던킨 리얼카페모카,100,445.49,4.45,49.91,5.53,24.86,5.28,426.69,0,7.36,0
894,제빵,던킨 보스톤크림,100,380.65,3.81,38.92,5.04,22.76,4.4,399.66,0,10.03,0
895,제빵,던킨 스트로베리필드,100,350.9,3.51,47.59,4.94,15.64,6.7,334.18,0,6.09,0
896,제빵,던킨 올리브 츄이스티,100,428.7,4.29,51.21,2.45,23.79,17.99,352.6,0,5.66,0
897,제빵,던킨 카카오하니딥,100,460.67,4.61,43.93,4.41,29.7,15.99,459.5,0,8.02,0
898,제빵,던킨 카카오후로스티드,100,464.66,4.65,47.8,6.6,27.45,13.49,472.75,0,10.45,0
899,제빵,던킨 카푸치노 츄이스티,100,441.25,4.41,52.84,2.22,24.56,17.89,297.31,0,6.78,0
900,제빵,데코레이션케익(초코)단2호,47,93.53,1.99,17.39,0.94,6.58,5.17,22.09,39.48,3.73,0
901,제빵,데코레이션케익(초코)단7호,70,170.1,2.43,17.5,3.5,9.8,11.2,35.7,121.1,4.9,0
902,제빵,데코레이션케익(화이트)단1호,47,90.71,1.93,6.58,0.94,6.58,4.7,22.09,42.3,3.29,0
903,제빵,데코레이션케익(화이트)단2호,47,90.24,1.92,6.58,0.94,6.58,4.7,22.09,42.77,3.29,0
904,제빵,데코레이션케익(화이트)단3호,49,97.02,1.98,7.35,0.98,6.86,4.9,23.52,47.53,3.43,0
905,제빵,데코레이션케익(화이트)단4호,62,120.9,1.95,9.3,1.24,8.68,6.2,29.76,58.28,4.34,0
906,제빵,데코레이션케익(화이트)단5호,47,90.24,1.92,6.58,0.94,6.58,4.7,22.09,42.3,3.29,0
907,제빵,데코레이션케익(화이트)단7호,53,108.65,2.05,8.48,1.59,7.42,5.83,25.97,60.42,3.71,0
908,제빵,도라야끼,60,96,1.6,21.6,2.4,1.14,13.2,42,21,0.3,0
909,제빵,두유를 넣은 검은깨 두부,50,97.5,1.95,15.5,1.5,3.5,3,125,3.5,1.35,0
910,제빵,두유를 넣은 초코두부,50,102.5,2.05,14.5,1.5,4.5,2,125,3,2.5,0
911,제빵,드림 초코홀릭,60,168,2.8,16.2,1.8,10.8,6,72,0,5.4,0
912,제빵,디즈니car,65,260,4,24,3,18,14,100,75,8,0.19
913,제빵,딸기듬뿍티라미스,70,195,2.79,22,3,6,12,115,25,6,0.25
914,제빵,딸기롤,67,161.47,2.41,18.09,2.68,8.71,11.39,35.51,55.61,4.69,0
915,제빵,딸기롤(미니),39,54.6,1.4,6.24,0.78,3.12,3.9,12.09,18.72,1.56,0
916,제빵,딸기맛도너츠,60,106.2,1.77,18.6,1.8,3,5.4,99.6,0,1.19,0
917,제빵,딸기소프트케익,65,152.75,2.35,22.1,3.25,5.85,11.05,71.5,22.75,1.43,0
918,제빵,딸기쉐이크쉬폰,70,161,2.3,13.3,1.4,10.5,5.6,78.4,60.2,4.9,0
919,제빵,딸기요거트쉬폰,70,170,2.43,14,1,12,6,35,30,3,0.18
920,제빵,땅콩빵,68,167.28,2.46,19.72,3.4,8.16,6.8,65.96,14.28,4.08,0
921,제빵,땅콩안에 보이젠베리,70,240,3.43,32,5,12,15,170,35,5,0.23
922,제빵,땅콩크림빵,70,280,4,27,6,17,8,190,35,7,0.43
923,제빵,떡스폰지케익,74,192.4,2.6,25.9,3.7,8.14,13.32,192.4,51.8,2.96,0
924,제빵,라즈베리 필드,55,107.25,1.95,16.5,1.65,4.4,7.7,99,0,2.53,0
925,제빵,러브米식빵,70,124.6,1.78,21,4.2,2.8,2.8,244.3,4.9,0.7,0
926,제빵,러브러브초코,60,250,4.17,19,3,18,13,95,65,8,0.21
927,제빵,러블리초코테디,70,270,3.86,25,7,18,17,120,90,8,0.2
928,제빵,러블리핑크테디,70,260,3.71,25,3,18,18,120,90,8,0.19
929,제빵,레드베리스콘,75,225,3,36,3,7.5,12,277.5,15,3.75,0
930,제빵,로망스초코,55,230,4.18,17,3,18,11,90,60,8,0.34
931,제빵,로망스핑크,65,260,4,25,3,17,19,105,60,8,0.35
932,제빵,롤케익,70,147,2.1,17.5,2.8,7,9.8,87.5,80.5,1.05,0
933,제빵,롤케익 1호,70,159.6,2.28,22.4,3.5,6.3,13.3,76.3,140.7,2.8,0
934,제빵,롤케익 2호,70,156.1,2.23,22.4,3.5,6.3,13.3,79.1,112.7,2.8,0
935,제빵,롤케익(프레젠용),70,159.6,2.28,22.4,3.5,6.3,13.3,76.3,140.7,2.8,0
936,제빵,루피가만든맛있는케이크,70,280,4,30,3,17,22,110,65,8,0.25
937,제빵,루피의 두유크림빵,65,210,3.23,24,4,12,8,160,50,7,0.34
938,제빵,리얼녹차쉬폰,70,134.4,1.92,13.3,2.1,7.7,8.4,88.2,51.8,4.2,0
939,제빵,리틀엔젤초코,55,230,4.18,19,3,17,12,95,60,8,0.29
940,제빵,마늘빵,100,482.75,4.83,60.87,11.19,21.61,7.32,616.28,0,9.33,0
941,제빵,마늘토스트,100,375.24,3.75,51.53,7.57,15.43,9.08,516.78,0,4.14,0
942,제빵,마블링,50,93,1.86,13,2,4,2.75,94,0,2,0
943,제빵,마스카포네티라미스,60,205,3.42,14,3,11,10,85,95,8,0.27
944,제빵,마이 넘버원,70,230,3.29,17,3,16,12,60,70,13,0.31
945,제빵,마이넘버원2,70,240,3.43,30,3,13,20,50,50,14,0.31
946,제빵,마이베이비(블루),65,230,3.54,21,4,15,15,85,95,8,0.53
947,제빵,마이베이비(핑크),65,230,3.54,21,4,15,15,85,95,8,0.53
948,제빵,마이프린세스,70,280,4,29,3,18,21,115,65,8,0.45
949,제빵,마카롱모카,70,260,3.71,23,3,17,18,100,80,8,0.34
950,제빵,마카롱쇼콜라,70,250,3.57,23,4,17,17,120,90,7,0.34
951,제빵,말랑말랑샌드위치(소),65,105.95,1.63,18.2,3.25,2.6,1.95,163.8,3.9,1.3,0
952,제빵,말랑말랑샌드위치(통),70,123.9,1.77,21,3.5,2.8,2.1,190.4,4.2,1.4,0
953,제빵,맛있으면 바나나,80,176,2.2,25.6,4,6.4,16.8,60,92,2.72,0
954,제빵,망고 쿠키 먼치킨,60,162,2.7,24,1.8,7.2,8.4,126,10.8,2.82,0
955,제빵,매실생크림,70,116.2,1.66,11.9,1.4,7,8.4,39.2,25.9,4.9,0
956,제빵,머핀,51,93.33,1.83,14.28,1.02,3.57,7.14,48.45,12.75,1.53,0
957,제빵,먹으면 먹을수록 순수담백,60,84,1.4,16.2,2.4,0.9,1.8,138,2.99,0.6,0
958,제빵,메이플쉬폰,70,142.1,2.03,13.3,2.8,9.1,7.7,52.5,53.2,3.5,0
959,제빵,메이플스콘,75,232.5,3.1,34.5,3.75,9,11.25,307.5,11.25,3.75,0
960,제빵,메이플애플파운드,70,220.5,3.15,23.1,3.5,12.6,14,119,31.5,4.9,0
961,제빵,메이플파운드,74,229.4,3.1,28.86,3.7,11.1,16.28,222,44.4,4.44,0
962,제빵,명가명품 녹차,50,140,2.8,29,3,2,21,25,75,0.5,0.01
963,제빵,명가명품 벌꿀,50,140,2.8,29,3,2,21,25,75,0.5,0.01
964,제빵,명가명품 초코,50,65,1.3,14.5,1.5,1,10.5,12.5,37.5,0.5,0
965,제빵,명가명품(녹차카스테라),50,70,1.4,14.5,1.5,1,10.5,12.5,37.5,0.25,0
966,제빵,명가명품(벌꿀카스테라),50,70,1.4,14.5,1.5,1,10.5,12.5,37.5,0.25,0
967,제빵,명가통팥가득만주,70,175,2.5,35.7,4.9,1.68,18.9,66.5,21,0.77,0
968,제빵,모카 플라워,57,125.97,2.21,12.54,1.71,7.98,9.12,55.86,27.93,3.99,0
969,제빵,모카2단케이크,65,260,4,20,3,18,15,100,85,8,0.22
970,제빵,모카레즌생크림빵,72,182.16,2.53,23.04,2.88,8.64,9.36,144.72,8.64,4.32,0
971,제빵,모카롤,67,147.4,2.2,26.13,3.35,3.35,12.06,60.3,90.45,1.74,0
972,제빵,모카롤케익,70,154,2.2,20.3,3.5,7,11.2,63,91,1.4,0
973,제빵,모카쉬폰,70,149.1,2.13,12.6,2.8,9.8,8.4,51.8,67.9,4.9,0
974,제빵,모카슈생크림,60,111,1.85,10.8,1.8,7.2,6.6,32.4,54.6,4.2,0
975,제빵,모카스폰지,70,171.5,2.45,23.8,2.8,7.7,16.1,97.3,81.9,4.2,0
976,제빵,모카스폰지(소),70,161,2.3,20.3,2.8,7.7,11.9,105,80.5,1.4,0
977,제빵,모카스폰지케익,74,181.3,2.45,23.68,3.7,8.14,13.32,85.1,96.2,4.44,0
978,제빵,모카초코칩머핀,62,182.9,2.95,21.7,3.1,9.3,12.4,155,31,3.72,0
979,제빵,모카치즈케익,63,138.6,2.2,15.75,3.15,6.93,8.82,100.8,22.05,3.78,0
980,제빵,모카크림빵,67,164.15,2.45,18.76,2.68,8.71,8.04,34.17,12.73,4.69,0
981,제빵,모카크림식빵,100,401.05,4.01,53.25,6.59,17.96,14.83,318.39,0,7.55,0
982,제빵,모카플라워,57,125.97,2.21,12.54,13.11,7.98,9.12,55.86,27.93,3.99,0
983,제빵,목초란을 넣은 우유듬뿍빵,90,280,3.11,39,7,12,16,210,75,7,0.37
984,제빵,무설탕 식빵,70,126,1.8,18.9,4.2,3.5,0,210,24.5,1.4,0
985,제빵,미니 호두 크랜베리,74,244.2,3.3,19.98,2.96,17.76,11.84,103.6,56.24,1.7,0
986,제빵,미니도넛 6팩,63,189,3,21.42,2.52,11.34,6.93,214.2,0,5.04,0
987,제빵,미니딸기샌드,65,113.75,1.75,18.2,2.6,3.51,3.25,149.5,1.3,1.82,0
988,제빵,미니땅콩샌드,65,120.25,1.85,17.55,2.6,4.36,2.6,149.5,0.65,2.21,0
989,제빵,미니롤케익,50,80,1.6,11.5,2,3,7,40.5,57.5,1.5,0
990,제빵,미니만주,65,143,2.2,27.95,3.25,1.95,14.95,130,16.25,0.71,0
991,제빵,미니본델리슈,50,70,1.4,14.5,1.5,1,10.5,12.5,37.5,0.25,0
992,제빵,미니쉬폰,60,141,2.35,19.8,3,5.4,5.4,156,66,2.88,0
993,제빵,미니약식파운드(프레젠용),70,151.9,2.17,21.7,2.8,6.3,11.9,189.7,51.1,1.4,0
994,제빵,미니치즈케익,55,112.75,2.05,14.85,2.2,4.95,6.05,132,41.25,1.87,0
995,제빵,미니치즈파운드(프레젠용),57,124.83,2.19,13.11,2.28,7.41,6.27,112.86,37.62,3.99,0
996,제빵,미니카페케이크,60,240,4,20,3,19,12,95,75,8,0.29
997,제빵,미니호두파운드(프레젠용),62,152.52,2.46,16.74,2.48,8.68,7.44,111.6,43.4,4.34,0
998,제빵,미니호두파이,110,539,4.9,50.6,11,33,23.1,115.5,88,8.8,0
999,제빵,미미가좋아하는 초코칩크림빵,60,190,3.17,26,3,9,8,190,17,6,0
1000,제빵,미스베어,30,150,5,17,2,9,9,75,45,6,0.62
